-- MariaDB dump 10.19  Distrib 10.4.19-MariaDB, for Win64 (AMD64)
--
-- Host: 172.29.115.20    Database: atom_new
-- ------------------------------------------------------
-- Server version	10.4.14-MariaDB

/*!40101 SET @OLD_CHARACTER_SET_CLIENT=@@CHARACTER_SET_CLIENT */;
/*!40101 SET @OLD_CHARACTER_SET_RESULTS=@@CHARACTER_SET_RESULTS */;
/*!40101 SET @OLD_COLLATION_CONNECTION=@@COLLATION_CONNECTION */;
/*!40101 SET NAMES utf8mb4 */;
/*!40103 SET @OLD_TIME_ZONE=@@TIME_ZONE */;
/*!40103 SET TIME_ZONE='+00:00' */;
/*!40014 SET @OLD_UNIQUE_CHECKS=@@UNIQUE_CHECKS, UNIQUE_CHECKS=0 */;
/*!40014 SET @OLD_FOREIGN_KEY_CHECKS=@@FOREIGN_KEY_CHECKS, FOREIGN_KEY_CHECKS=0 */;
/*!40101 SET @OLD_SQL_MODE=@@SQL_MODE, SQL_MODE='NO_AUTO_VALUE_ON_ZERO' */;
/*!40111 SET @OLD_SQL_NOTES=@@SQL_NOTES, SQL_NOTES=0 */;

--
-- Table structure for table `auth_item`
--

DROP TABLE IF EXISTS `auth_item`;
/*!40101 SET @saved_cs_client     = @@character_set_client */;
/*!40101 SET character_set_client = utf8 */;
CREATE TABLE `auth_item` (
  `name` varchar(100) NOT NULL,
  `type` enum('ROLE','PERMISSION') DEFAULT NULL,
  `description` varchar(100) DEFAULT NULL,
  `created_by` int(11) DEFAULT NULL,
  `creation_time` datetime DEFAULT NULL,
  `modified_by` int(11) DEFAULT NULL,
  `modified_time` datetime DEFAULT NULL,
  `sequence` int(11) DEFAULT NULL,
  `role_type` enum('DEPARTMENT','DESIGNATION','SUBDEPARTMENT') DEFAULT NULL,
  PRIMARY KEY (`name`)
) ENGINE=InnoDB DEFAULT CHARSET=latin1;
/*!40101 SET character_set_client = @saved_cs_client */;

--
-- Dumping data for table `auth_item`
--

LOCK TABLES `auth_item` WRITE;
/*!40000 ALTER TABLE `auth_item` DISABLE KEYS */;
INSERT INTO `auth_item` VALUES ('ACCESS','ROLE',NULL,NULL,'2021-08-26 09:31:54',NULL,'2021-08-26 09:31:54',NULL,'SUBDEPARTMENT'),('billingBatch-access','PERMISSION',NULL,NULL,'2022-02-28 06:22:37',NULL,NULL,NULL,NULL),('billingBatch-create','PERMISSION',NULL,NULL,'2022-02-28 06:22:37',NULL,NULL,NULL,NULL),('CEG','ROLE',NULL,NULL,NULL,NULL,NULL,NULL,'DEPARTMENT'),('changeRequest-access','PERMISSION','',NULL,'2021-11-11 04:39:58',NULL,NULL,NULL,NULL),('changeRequest-create','PERMISSION','',NULL,'2021-11-11 04:39:58',NULL,NULL,NULL,NULL),('changeRequestFormFields-access_feasible','PERMISSION',NULL,NULL,'2021-11-17 11:52:11',NULL,NULL,NULL,NULL),('changeRequestFormFields-ip_feasible','PERMISSION',NULL,NULL,'2021-11-17 11:52:11',NULL,NULL,NULL,NULL),('changeRequestFormFields-noc_feasible','PERMISSION',NULL,NULL,'2021-11-17 11:52:11',NULL,NULL,NULL,NULL),('changeRequestFormFields-tx_feasible','PERMISSION',NULL,NULL,'2021-11-17 11:52:11',NULL,NULL,NULL,NULL),('COMMERCIAL','ROLE',NULL,NULL,'2021-07-28 11:15:38',NULL,'2021-07-28 11:15:38',5,'DEPARTMENT'),('configurations-access','PERMISSION','',NULL,'2021-08-25 06:47:12',NULL,NULL,NULL,NULL),('currencyExchangeRates-access','PERMISSION',NULL,NULL,'2021-10-11 07:06:56',NULL,NULL,NULL,NULL),('customer-create','PERMISSION',NULL,NULL,'2021-08-05 17:22:23',NULL,'2021-08-05 17:22:23',NULL,NULL),('customer-delete','PERMISSION','',NULL,NULL,NULL,NULL,NULL,NULL),('customer-edit','PERMISSION',NULL,NULL,'2021-08-05 17:22:31',NULL,'2021-08-05 17:22:31',NULL,NULL),('customer-grid','PERMISSION',NULL,NULL,'2021-08-05 17:22:15',NULL,'2021-08-05 17:22:15',NULL,NULL),('department-access','PERMISSION',NULL,NULL,'2021-08-09 06:47:06',NULL,NULL,NULL,NULL),('department-create','PERMISSION',NULL,NULL,'2021-08-09 06:47:06',NULL,NULL,NULL,NULL),('department-delete','PERMISSION',NULL,NULL,'2021-08-09 06:47:06',NULL,NULL,NULL,NULL),('department-edit','PERMISSION',NULL,NULL,'2021-08-09 06:47:06',NULL,NULL,NULL,NULL),('designation-access','PERMISSION',NULL,NULL,'2021-08-09 06:47:06',NULL,NULL,NULL,NULL),('designation-create','PERMISSION',NULL,NULL,'2021-08-09 06:47:06',NULL,NULL,NULL,NULL),('designation-delete','PERMISSION',NULL,NULL,'2021-08-09 06:47:06',NULL,NULL,NULL,NULL),('designation-edit','PERMISSION',NULL,NULL,'2021-08-09 06:47:06',NULL,NULL,NULL,NULL),('ENGINEERING','ROLE',NULL,NULL,'2021-07-28 11:14:48',NULL,'2021-07-28 11:14:48',2,'DEPARTMENT'),('FINANCE','ROLE',NULL,NULL,'2021-07-29 09:33:06',NULL,'2021-07-29 09:33:06',9,'DEPARTMENT'),('GM.ENGINEERING','ROLE',NULL,NULL,'2021-08-26 09:31:54',NULL,'2021-08-26 09:31:54',NULL,'SUBDEPARTMENT'),('HOD.ENGINEERING','ROLE',NULL,NULL,'2021-08-26 09:31:54',NULL,'2021-08-26 09:31:54',NULL,'SUBDEPARTMENT'),('hrm-access','PERMISSION',NULL,NULL,'2021-08-09 06:47:06',NULL,NULL,NULL,NULL),('IP','ROLE',NULL,NULL,'2021-08-26 09:30:35',NULL,'2021-08-26 09:30:35',NULL,'SUBDEPARTMENT'),('IT_DEV','ROLE',NULL,NULL,'2021-07-29 10:07:48',NULL,'2021-07-29 10:07:48',NULL,'DESIGNATION'),('KAM','ROLE',NULL,NULL,'2021-07-28 11:13:08',NULL,'2021-07-28 11:13:08',1,'DEPARTMENT'),('killLead-create','PERMISSION',NULL,NULL,NULL,NULL,NULL,NULL,NULL),('killLead-delete','PERMISSION',NULL,NULL,NULL,NULL,NULL,NULL,NULL),('killLead-grid','PERMISSION',NULL,NULL,NULL,NULL,NULL,NULL,NULL),('killLead-update','PERMISSION',NULL,NULL,NULL,NULL,NULL,NULL,NULL),('lead-create','PERMISSION',NULL,NULL,'2021-07-29 07:02:58',NULL,'2021-07-29 07:02:58',NULL,NULL),('lead-grid','PERMISSION',NULL,NULL,'2021-07-29 07:02:58',NULL,'2021-07-29 07:02:58',NULL,NULL),('LEGAL','ROLE',NULL,NULL,'2021-07-29 09:32:08',NULL,'2021-07-29 09:32:08',7,'DEPARTMENT'),('MANAGEMENT','ROLE',NULL,NULL,'2021-07-28 11:14:48',NULL,'2021-07-28 11:14:48',6,'DEPARTMENT'),('MANAGER','ROLE',NULL,NULL,'2021-08-26 09:31:54',NULL,'2021-08-26 09:31:54',NULL,'SUBDEPARTMENT'),('MANAGER.ENGINEERING','ROLE',NULL,NULL,'2021-08-26 09:31:54',NULL,'2021-08-26 09:31:54',NULL,'SUBDEPARTMENT'),('NOC','ROLE',NULL,NULL,'2021-08-26 09:31:54',NULL,'2021-08-26 09:31:54',NULL,'SUBDEPARTMENT'),('permission-access','PERMISSION',NULL,NULL,'2021-08-11 10:38:17',NULL,'2021-08-11 10:38:29',NULL,NULL),('poc-access','PERMISSION',NULL,NULL,'2021-07-29 07:02:58',NULL,'2021-07-29 07:02:58',NULL,NULL),('poc-create','PERMISSION',NULL,NULL,'2021-07-29 07:02:58',NULL,'2021-07-29 07:02:58',NULL,NULL),('poc-edit','PERMISSION',NULL,NULL,'2021-08-09 11:59:19',NULL,'2021-08-09 11:59:15',NULL,NULL),('PRE_SALES','ROLE',NULL,NULL,'2021-07-28 11:14:12',NULL,'2021-07-28 11:14:12',3,'DEPARTMENT'),('PROCUREMENT','ROLE',NULL,NULL,'2021-07-29 09:32:25',NULL,'2021-07-29 09:32:25',8,'DEPARTMENT'),('product-access','PERMISSION',NULL,NULL,'2021-08-11 10:38:17',NULL,'2021-08-11 10:38:29',NULL,NULL),('product-create','PERMISSION',NULL,NULL,'2021-08-11 10:38:17',NULL,'2021-08-11 10:38:29',NULL,NULL),('product-delete','PERMISSION',NULL,NULL,'2021-08-11 10:38:17',NULL,'2021-08-11 10:38:29',NULL,NULL),('product-edit','PERMISSION',NULL,NULL,'2021-08-11 10:38:17',NULL,'2021-08-11 10:38:29',NULL,NULL),('SEGMENT','ROLE',NULL,NULL,'2021-07-29 07:37:39',NULL,'2021-07-29 07:37:39',4,'DEPARTMENT'),('SRMANAGER.ENGINEERING','ROLE',NULL,NULL,'2021-08-26 09:31:54',NULL,'2021-08-26 09:31:54',NULL,'SUBDEPARTMENT'),('subdepartment-access','PERMISSION',NULL,NULL,'2021-08-09 06:47:06',NULL,NULL,NULL,NULL),('subdepartment-create','PERMISSION',NULL,NULL,'2021-08-09 06:47:06',NULL,NULL,NULL,NULL),('subdepartment-delete','PERMISSION',NULL,NULL,'2021-08-09 06:47:06',NULL,NULL,NULL,NULL),('subdepartment-edit','PERMISSION',NULL,NULL,'2021-08-09 06:47:06',NULL,NULL,NULL,NULL),('TAC','ROLE',NULL,NULL,'2021-08-26 09:31:54',NULL,'2021-08-26 09:31:54',NULL,'SUBDEPARTMENT'),('taxation-access','PERMISSION','',NULL,'2021-12-01 06:47:12',NULL,NULL,NULL,NULL),('taxRate-access','PERMISSION','',NULL,'2021-12-01 06:47:12',NULL,NULL,NULL,NULL),('taxRate-create','PERMISSION','',NULL,'2021-12-01 06:47:12',NULL,NULL,NULL,NULL),('taxRate-edit','PERMISSION','',NULL,'2021-12-01 06:47:12',NULL,NULL,NULL,NULL),('taxType-access','PERMISSION','',NULL,'2021-12-01 06:47:12',NULL,NULL,NULL,NULL),('taxType-create','PERMISSION','',NULL,'2021-12-01 06:47:12',NULL,NULL,NULL,NULL),('taxType-edit','PERMISSION','',NULL,'2021-12-01 06:47:12',NULL,NULL,NULL,NULL),('ticketEscalation-L1','PERMISSION','',NULL,'2021-08-09 06:47:12',NULL,NULL,NULL,NULL),('ticketEscalation-L2','PERMISSION','',NULL,'2021-08-09 06:47:12',NULL,NULL,NULL,NULL),('ticketEscalation-L3','PERMISSION','',NULL,'2021-08-09 06:47:12',NULL,NULL,NULL,NULL),('ticketingConfigurations-access','PERMISSION',NULL,NULL,NULL,NULL,NULL,NULL,NULL),('ticketingConfigurations-createCategory','PERMISSION',NULL,NULL,NULL,NULL,NULL,NULL,NULL),('ticketingConfigurations-createMedium','PERMISSION',NULL,NULL,NULL,NULL,NULL,NULL,NULL),('ticketingConfigurations-deleteMedium','PERMISSION',NULL,NULL,NULL,NULL,NULL,NULL,NULL),('ticketingConfigurations-updateCategory','PERMISSION',NULL,NULL,NULL,NULL,NULL,NULL,NULL),('ticketingConfigurations-updateMedium','PERMISSION',NULL,NULL,NULL,NULL,NULL,NULL,NULL),('troubleTicket-assignDepartment','PERMISSION',NULL,NULL,NULL,NULL,NULL,NULL,NULL),('troubleTicket-assignWorker','PERMISSION',NULL,NULL,NULL,NULL,NULL,NULL,NULL),('troubleTicket-close','PERMISSION',NULL,NULL,NULL,NULL,NULL,NULL,NULL),('troubleTicket-create','PERMISSION',NULL,NULL,NULL,NULL,NULL,NULL,NULL),('troubleTicket-delete','PERMISSION',NULL,NULL,NULL,NULL,NULL,NULL,NULL),('troubleTicket-grid','PERMISSION',NULL,NULL,NULL,NULL,NULL,NULL,NULL),('troubleTicket-resolve','PERMISSION',NULL,NULL,NULL,NULL,NULL,NULL,NULL),('troubleTicket-update','PERMISSION',NULL,NULL,NULL,NULL,NULL,NULL,NULL),('TX','ROLE',NULL,NULL,'2021-08-26 09:31:54',NULL,'2021-08-26 09:31:54',NULL,'SUBDEPARTMENT'),('user-access','PERMISSION','',NULL,'2021-08-25 06:47:12',NULL,NULL,NULL,NULL),('user-create','PERMISSION',NULL,NULL,'2021-08-11 10:38:17',NULL,'2021-08-11 10:38:29',NULL,NULL),('user-delete','PERMISSION',NULL,NULL,'2021-08-11 10:38:17',NULL,'2021-08-11 10:38:29',NULL,NULL),('user-edit','PERMISSION',NULL,NULL,'2021-08-11 10:38:17',NULL,'2021-08-11 10:38:29',NULL,NULL),('vendor-create','PERMISSION',NULL,NULL,'2021-08-09 06:46:48',NULL,NULL,NULL,NULL),('vendor-edit','PERMISSION',NULL,NULL,'2021-08-09 06:47:06',NULL,NULL,NULL,NULL),('vendor-grid','PERMISSION','',NULL,'2021-08-09 06:47:12',NULL,NULL,NULL,NULL),('VP.COMMERCIAL','ROLE',NULL,NULL,'2021-07-29 06:49:34',NULL,'2021-07-29 06:49:34',NULL,'DESIGNATION'),('VP.ENGINEERING','ROLE',NULL,NULL,'2021-11-01 14:20:42',NULL,NULL,NULL,'DESIGNATION'),('VP.FINANCE','ROLE',NULL,NULL,'2021-07-29 10:07:48',NULL,'2021-07-29 10:07:48',NULL,'DESIGNATION'),('VP.KAM','ROLE',NULL,NULL,'2021-07-29 10:07:48',NULL,'2021-07-29 10:07:48',NULL,'DESIGNATION');
/*!40000 ALTER TABLE `auth_item` ENABLE KEYS */;
UNLOCK TABLES;

--
-- Table structure for table `workflow`
--

DROP TABLE IF EXISTS `workflow`;
/*!40101 SET @saved_cs_client     = @@character_set_client */;
/*!40101 SET character_set_client = utf8 */;
CREATE TABLE `workflow` (
  `id` int(11) NOT NULL AUTO_INCREMENT,
  `name` varchar(255) NOT NULL,
  `label` varchar(255) NOT NULL,
  `created_by` int(11) DEFAULT NULL,
  `creation_time` datetime DEFAULT NULL,
  `modified_by` int(11) DEFAULT NULL,
  `modified_time` datetime DEFAULT NULL,
  `record_status` enum('ACTIVE','INACTIVE','DRAFT','DELETED') NOT NULL DEFAULT 'ACTIVE',
  `description` varchar(255) DEFAULT NULL,
  `code` varchar(255) DEFAULT NULL,
  PRIMARY KEY (`id`),
  UNIQUE KEY `workflow_name` (`name`)
) ENGINE=InnoDB AUTO_INCREMENT=14 DEFAULT CHARSET=latin1;
/*!40101 SET character_set_client = @saved_cs_client */;

--
-- Dumping data for table `workflow`
--

LOCK TABLES `workflow` WRITE;
/*!40000 ALTER TABLE `workflow` DISABLE KEYS */;
INSERT INTO `workflow` VALUES (1,'LEAD_GENERATION','New Lead',1,'2021-07-28 07:25:34',1,'2021-07-28 07:25:34','ACTIVE','Process: New Regular Lead for New or Existing Customers\r\nProducts: IPTx, IConnect, TDC, IPLC, GMPLS, IRU, DPLC\r\nSegments: Corporate, Wholesale, International, Carriers\r\n','WF – 1000'),(2,'CR_2100','CR_2100',1,'2021-11-04 11:22:05',1,'2021-11-04 11:22:05','INACTIVE','(Upgrades, Downgrades, BW Shifting for Carriers, International & Wholesale – IPTx & IConnect)\r\n','WF – 2100'),(3,'CR_2200','CR_2200',1,'2021-11-04 11:22:36',1,'2021-11-04 11:22:36','INACTIVE',' (Upgrades, Downgrades, BW Shifting for Carriers, International & Wholesale – DPLC, TDC, IPLC, GMPLS)\r\n','WF – 2200'),(4,'CR_2300','CR_2300',1,'2021-11-04 11:22:36',1,'2021-11-04 11:22:36','INACTIVE','(Upgrades, Downgrades & BOD for Corporate + Relocation for All Segments – IPTx & IConnect)','WF – 2300'),(5,'CR_2400','CR_2400',1,'2021-11-04 11:22:59',1,'2021-11-04 11:22:59','INACTIVE','(Upgrades, Downgrades for Carriers, International & Wholesale – IPLC, TDC, GMPLS)','WF – 2400'),(6,'CR_2500','ChangeRequest - Suspension',1,'2021-11-04 11:22:59',1,'2021-11-04 11:22:59','ACTIVE',' (Suspensions for All Segments – IPTx, IConnect, TDC, DPLC)\r\n','WF – 2500'),(7,'CR_2600','ChangeRequest - Termination',1,'2021-11-04 11:23:38',1,'2021-11-04 11:23:38','ACTIVE',' (Terminations for All Segments – IPTx, IConnect, TDC, DPLC, IPLC, GMPLS)\r\n','WF – 2600'),(8,'CR_2700','ChangeRequest - Renewal',1,'2021-11-04 11:23:38',1,'2021-11-04 11:23:38','ACTIVE','(Renewal for All Segments – All Products)','WF – 2700'),(9,'CR_2800','ChangeRequest - IP Allocation',1,'2021-11-04 11:24:00',1,'2021-11-04 11:24:00','ACTIVE',' (IP Allocation for All Segments – IPTx )\r\n','WF – 2800'),(10,'KILL_LEAD','Kill Lead',1,'2021-11-05 10:25:34',NULL,'2021-11-05 10:25:34','ACTIVE',NULL,NULL),(11,'TROUBLE_TICKET','Trouble Ticket',1,'2021-11-05 10:25:34',NULL,'2021-11-05 10:25:34','ACTIVE','Complaint Management/Trouble Tickets','WF-4000'),(12,'CR_UPGRADE_DOWNGRADE','ChangeRequest - Upgrade/Downgrade',1,'2021-12-21 10:45:57',1,'2021-12-21 10:46:01','ACTIVE','ChangeRequest for Downgrade/Upgrade following same lead-workflow from develop-crf to end excluding AdvanceInvoices & CreateCircuits','CHANGE_LEAD'),(13,'INVOICING','Invoicing (Regular Billing)',1,'2022-02-23 12:42:38',NULL,NULL,'ACTIVE','Process: Regular Billing\r\nProducts: All Products\r\nSegments: All Segments','WF-5000');
/*!40000 ALTER TABLE `workflow` ENABLE KEYS */;
UNLOCK TABLES;

--
-- Table structure for table `workflow_stage`
--

DROP TABLE IF EXISTS `workflow_stage`;
/*!40101 SET @saved_cs_client     = @@character_set_client */;
/*!40101 SET character_set_client = utf8 */;
CREATE TABLE `workflow_stage` (
  `id` int(11) NOT NULL AUTO_INCREMENT,
  `name` varchar(100) NOT NULL,
  `label` varchar(50) NOT NULL,
  `description` varchar(1000) DEFAULT NULL,
  `workflow_id` int(11) NOT NULL,
  `sequence` float DEFAULT NULL,
  `previous_stage` int(11) DEFAULT NULL,
  `next_stage` int(11) DEFAULT NULL,
  `decision` tinyint(1) DEFAULT NULL,
  `created_by` int(11) DEFAULT NULL,
  `creation_time` datetime DEFAULT NULL,
  `modified_by` int(11) DEFAULT NULL,
  `modified_time` datetime DEFAULT NULL,
  `record_status` enum('ACTIVE','INACTIVE','DRAFT','DELETED') NOT NULL DEFAULT 'ACTIVE',
  `component` varchar(255) DEFAULT NULL,
  `decision_description` varchar(255) DEFAULT NULL,
  `function_call` varchar(255) DEFAULT NULL,
  `can_send_back` tinyint(1) NOT NULL,
  `send_back_label` varchar(255) DEFAULT NULL,
  `reject_stage` int(11) DEFAULT NULL,
  `can_reject` tinyint(1) NOT NULL DEFAULT 0,
  `reject_label` varchar(255) DEFAULT NULL,
  `draft_label` varchar(255) DEFAULT 'Save As Draft',
  `next_label` varchar(255) DEFAULT 'Save & Next',
  `can_draft` tinyint(1) NOT NULL DEFAULT 1,
  `decision_return` enum('SINGLE','MULTIPLE') DEFAULT NULL,
  `decision_making` enum('AUTO','MANUAL') DEFAULT NULL,
  `next_icon` varchar(255) DEFAULT NULL,
  `last_stage` tinyint(1) DEFAULT NULL,
  PRIMARY KEY (`id`),
  KEY `workflow_id` (`workflow_id`),
  KEY `previous_stage` (`previous_stage`),
  CONSTRAINT `workflow_stage_ibfk_1` FOREIGN KEY (`workflow_id`) REFERENCES `workflow` (`id`) ON DELETE NO ACTION ON UPDATE CASCADE
) ENGINE=InnoDB AUTO_INCREMENT=594 DEFAULT CHARSET=latin1;
/*!40101 SET character_set_client = @saved_cs_client */;

--
-- Dumping data for table `workflow_stage`
--

LOCK TABLES `workflow_stage` WRITE;
/*!40000 ALTER TABLE `workflow_stage` DISABLE KEYS */;
INSERT INTO `workflow_stage` VALUES (1,'LEAD_ACTIVE','Create Lead','Create Lead\r\n',1,0,NULL,2,NULL,NULL,NULL,NULL,NULL,'ACTIVE','FormLead',NULL,NULL,0,NULL,NULL,0,NULL,'Save As Draft','Save & Next',1,NULL,NULL,NULL,NULL),(2,'QUALIFY','Qualify','Qualify + Insert \r\nCustomer details',1,1,NULL,3,NULL,NULL,NULL,NULL,NULL,'ACTIVE','Qualify',NULL,NULL,0,NULL,NULL,0,NULL,'Save As Draft','Save & Next',0,NULL,NULL,NULL,NULL),(3,'DEVELOP_STRATEGY','Develop Strategy','Develop CRF',1,2,2,8,NULL,NULL,NULL,NULL,NULL,'ACTIVE','DevelopStrategy',NULL,NULL,1,'Send Back',NULL,0,NULL,'Save As Draft','Save & Next',0,NULL,NULL,NULL,NULL),(4,'SELECT_BEST_LM','Select Best LM','Select best LM \r\nOption(s)\r\n',1,5,19,9,NULL,NULL,NULL,NULL,NULL,'ACTIVE','SelectBestLM',NULL,NULL,1,'Send Back',NULL,0,NULL,'Save As Draft','Save & Next',0,NULL,NULL,NULL,NULL),(7,'COMMERCIAL_OFFER','First Commercial Offer','Create Commercial \r\nOffer',1,11,13,21,NULL,NULL,NULL,NULL,NULL,'ACTIVE','FirstCommercialOffer',NULL,NULL,0,NULL,NULL,0,NULL,'Save As Draft','Save & Next',0,NULL,NULL,NULL,NULL),(8,'LAST_MILE','Provide LM List','Access to Provide \r\nshortlisted LMPs on \r\ntechnical solution',1,3,3,19,NULL,NULL,NULL,NULL,NULL,'ACTIVE','LastMile',NULL,NULL,1,'Send Back',NULL,0,NULL,'Save As Draft','Save & Next',0,NULL,NULL,NULL,NULL),(9,'PRE_SALES','Create Solution Design','Create Solution \r\nDesign\r\n',1,6,4,10,1,NULL,NULL,NULL,NULL,'ACTIVE','CreateSolutionDesign','function calling','createSolutionDesign',1,'Send Back',NULL,0,NULL,'Save As Draft','Save & Next',0,'MULTIPLE','AUTO',NULL,NULL),(10,'TX_VALIDATION','TX Validation','Tx – Validate \r\nSolution\r\n',1,7,9,11,NULL,NULL,NULL,NULL,NULL,'ACTIVE','TXValidation',NULL,NULL,0,NULL,NULL,0,NULL,'Save As Draft','Save & Next',1,NULL,NULL,NULL,NULL),(11,'NOC_VALIDATION','NOC Validation','NOC – Validate \r\nSolution',1,8,10,12,NULL,NULL,NULL,NULL,NULL,'ACTIVE','NOCValidation',NULL,NULL,1,'Send Back',NULL,0,NULL,'Save As Draft','Save & Next',1,NULL,NULL,NULL,NULL),(12,'IP_VALIDATION','IP Validation','IP – Validate \r\nSolution\r\n',1,9,11,13,1,NULL,NULL,NULL,NULL,'ACTIVE','IPValidation','function calling','ipValidation',0,NULL,NULL,0,NULL,'Save As Draft','Save & Next',1,'SINGLE','AUTO',NULL,NULL),(13,'PRICE_VALIDATION','Segment - Price Validation','Solution Price \r\nValidation - Segment Lead',1,10.5,12,7,NULL,NULL,NULL,NULL,NULL,'ACTIVE','PriceValidation',NULL,NULL,0,NULL,9,1,'Technical Revision ','Save As Draft','Save & Next',0,NULL,NULL,NULL,NULL),(17,'CIRCUIT_CREATION','Create Circuits','Create Circuit(s)',1,20,33,36,1,1,NULL,NULL,NULL,'ACTIVE','CreateCircuits','Adv. Invoice \r\nRequired?\r\n','circuitCreation',1,'Send Back',NULL,0,NULL,'Save As Draft','Save & Next',1,'MULTIPLE','AUTO',NULL,NULL),(19,'NEGOTIATE_LM_QUOTES','Negotiate LM Quotes','Negotiate and get \r\nQuotations from \r\nLMP',1,4,8,4,NULL,NULL,NULL,NULL,NULL,'ACTIVE','NegotiateLMQuotes',NULL,NULL,1,'Send Back',NULL,0,NULL,'Save As Draft','Save & Next',0,NULL,NULL,NULL,NULL),(20,'COPS_PRICE_VALIDATION','COPs - Price Validation','Cops-Solution Price \r\nValidation',1,10,9,7,NULL,1,'2021-08-17 06:46:17',1,'2021-08-17 06:46:17','ACTIVE','PriceValidation',NULL,NULL,0,NULL,9,1,'Technical Revision ','Save As Draft','Save & Next',0,NULL,NULL,NULL,NULL),(21,'PRESENT_COMMERCIAL_OFFER','Present Commercial  Offer','Present Commercial \r\nOffer to Customer',1,12,7,22,1,1,'2021-09-08 05:59:06',1,'2021-09-08 05:59:06','ACTIVE','PresentCommercialOffer','send in tracking api\r\n\"true\"\r\n\"false\"',NULL,1,'Send Back',3,1,'Technical Revision ','Save As Draft','Save & Next',0,'SINGLE','MANUAL',NULL,NULL),(22,'INPUT_ENGAGEMENT_PARAMETER','Input Engagement  Parameters ','Input Engagement \r\nParameters ',1,14,21,27,1,1,'2021-09-08 06:02:48',1,'2021-09-08 06:02:48','ACTIVE','InputEngagementParameters','contractPlusSof','inputEngagementParameter',0,NULL,NULL,0,NULL,'Save As Draft','Save & Next',1,'MULTIPLE','AUTO',NULL,NULL),(23,'RECOMMEND_REVISED_OFFER','Recommend Revised  Offer','Recommend Revised \r\nOffe',1,13,21,24,NULL,1,'2021-09-08 06:04:33',1,'2021-09-08 06:04:33','ACTIVE','RecommendRevisedCommercialOffer',NULL,NULL,0,NULL,NULL,0,NULL,'Save As Draft','Save & Next',1,NULL,NULL,NULL,NULL),(24,'REVIEW_REVISED_OFFER','Review Revised  Offer','Review Revised \r\nOffer',1,13.1,23,25,NULL,1,'2021-09-08 06:05:39',1,'2021-09-08 06:05:39','ACTIVE','ReviewRevisedCommercialOffer',NULL,NULL,0,NULL,NULL,0,NULL,'Save As Draft','Save & Next',1,NULL,NULL,NULL,NULL),(25,'VPC_APPROVAL_COMMERCIAL_OFFER\r\n','VPC Approval Commercial Offer','VPC Approval',1,13.2,24,26,NULL,1,'2021-09-08 06:06:50',1,'2021-09-08 06:06:50','ACTIVE','CommercialOfferApproval',NULL,NULL,0,NULL,NULL,0,NULL,'Save As Draft','Save & Next',1,NULL,NULL,NULL,NULL),(26,'CREATE_REVISED_COMMERCIAL_OFFER','Create revised  Commercial Offer','Create revised \r\nCommercial Offer',1,13.3,25,21,NULL,1,'2021-09-08 06:07:50',1,'2021-09-08 06:07:50','ACTIVE','CreateRevisedCommercialOffer',NULL,NULL,0,NULL,NULL,0,NULL,'Save As Draft','Save & Next',1,NULL,NULL,NULL,NULL),(27,'GENERATE_CIF','Generate CIF','Generate CIF',1,15,22,28,NULL,1,'2021-09-14 10:48:00',1,'2021-09-14 10:48:00','ACTIVE','GenerateCIF',NULL,NULL,0,NULL,NULL,0,NULL,'Save As Draft','Save & Next',1,NULL,NULL,NULL,NULL),(28,'REVIEW_FINALIZE_CONTRACT','Review & Finalize  Contract','Review & Finalize \r\nContract',1,15.1,27,31,1,1,'2021-09-14 10:50:10',1,'2021-09-14 10:50:10','ACTIVE','ReviewAndFinalizeCIF',NULL,'isSofVPCApproved',0,NULL,NULL,0,NULL,'Save As Draft','Save & Next',0,'SINGLE','AUTO',NULL,NULL),(29,'GENERATE_SOF','Generate SOF','Generate SOF',1,16,22,30,NULL,1,'2021-09-14 11:20:58',1,'2021-09-14 11:20:58','ACTIVE','GenerateSOF',NULL,'',0,NULL,NULL,0,NULL,'Save As Draft','Save & Next',0,'SINGLE','AUTO',NULL,NULL),(30,'VPC_APPROVAL_SOF','VPC Approval (SOF)','VPC Approval (SOF)',1,16.1,29,31,1,1,'2021-09-14 11:21:36',1,'2021-09-14 11:21:36','ACTIVE','VPCApprovalSOF',NULL,'isContractFinalLegal',0,NULL,NULL,0,NULL,'Save As Draft','Save & Next',1,'SINGLE','AUTO',NULL,NULL),(31,'VPF_APPROVAL_CONTRACT_SOF','VPF Approval  (Contract + SOF)','VPF Approval \r\n(Contract + SOF)',1,17,NULL,32,NULL,1,'2021-09-14 11:23:11',1,'2021-09-14 11:23:11','ACTIVE','VPFApprovalSOFCIF',NULL,NULL,0,NULL,NULL,0,NULL,'Save As Draft','Save & Next',1,NULL,NULL,NULL,NULL),(32,'PRESENT_CONTRACT_SOF_CUSTOMER\r\n','Present Contract/ SOF to the Customer','Present Contract/\r\nSOF to the Customer\r\n',1,18,31,33,NULL,1,'2021-09-14 11:24:11',NULL,'2021-09-14 11:24:11','ACTIVE','PresentSOFAndContract',NULL,NULL,0,NULL,NULL,0,NULL,'Save As Draft','Save & Next',1,NULL,NULL,NULL,NULL),(33,'UPLOAD_SIGNED_DOCS','Upload Signed Docs','Upload Signed Docs\r\n(Countersign \r\nDocuments (VPC)\r\nCountersign \r\nDocuments (VPF)\r\n)',1,19,32,17,NULL,1,'2021-10-04 09:44:34',1,'2021-10-04 09:44:34','ACTIVE','UploadSignedDocs',NULL,NULL,1,'Send Back',NULL,0,NULL,'Save As Draft','Proceed',0,NULL,NULL,NULL,NULL),(34,'GENERATE_COMMERCIAL_INVOICE','Generate Commercial Invoices','Generate advance commercial invoices for circuits created in prev-stage',1,21,17,35,NULL,NULL,'2021-10-12 08:38:33',NULL,'2021-10-12 08:38:42','ACTIVE','GenerateCommercialInvoice',NULL,NULL,1,'Send Back',NULL,0,NULL,'Save As Draft','Save & Next',1,NULL,NULL,NULL,NULL),(35,'VALIDATE_COMMERCIAL_INVOICE','Validate Commercial Invoices','Validate advance commercial invoices by Finance Department',1,21.1,34,585,NULL,NULL,'2021-10-12 08:38:35',NULL,'2021-10-12 08:38:44','ACTIVE','ValidateCommercialInvoice',NULL,NULL,1,'Send Back',NULL,0,NULL,'Save As Draft','Save & Next',1,NULL,NULL,NULL,NULL),(36,'CREATE_LM_ORDERS','Create LM Orders','Create LM-Orders for LM-Quotes finalized against each CRF of particular Circuit',1,22,17,37,NULL,1,'2021-10-12 08:38:36',NULL,'2021-10-12 08:38:45','ACTIVE','CreateLMOrders',NULL,NULL,1,'Send Back',NULL,0,NULL,'Save As Draft','Save & Next',1,NULL,NULL,NULL,NULL),(37,'REVALIDATE_TECHNICAL_LM_PROPOSAL','Revalidate LM  proposal','Access – Revalidate \r\ntechnical LM \r\nproposal',1,23,36,38,NULL,1,'2021-10-15 09:55:33',1,'2021-10-15 09:55:33','ACTIVE','RevalidateLMProposal',NULL,NULL,1,'Send Back',NULL,0,NULL,'Save As Draft','Save & Next',1,NULL,NULL,NULL,NULL),(38,'PRICE_NEGOTIATION_PRC','Price Negotiation  (PRC)','Price Negotiation for LM Orders\r\n(PRC)',1,24,37,39,NULL,1,'2021-10-15 09:57:37',1,'2021-10-15 09:57:37','ACTIVE','NegotiateLMOrders',NULL,NULL,1,'Send Back',NULL,0,NULL,'Save As Draft','Save & Next',0,NULL,NULL,NULL,NULL),(39,'TRANSFER_TO_SAP','Transfer LM Orders to SAP','Generate LM Order\r\n& transfer to SAP',1,25,38,40,NULL,1,'2021-10-15 10:00:04',1,'2021-10-15 10:00:04','ACTIVE','TransferToSAP',NULL,NULL,1,'Send Back',NULL,0,NULL,'Save As Draft','Save & Next',0,NULL,NULL,NULL,NULL),(40,'DEPLOY_LMS\r\n','Deploy LMs','Deploy LMs (Access) \r\n+ provide \r\nconfirmation to IP\r\n',1,26,39,41,NULL,1,'2021-10-15 10:01:39',1,'2021-10-15 10:01:39','ACTIVE','DeployLM',NULL,NULL,1,'Send Back',NULL,0,NULL,'Save As Draft','Save & Next',0,NULL,NULL,NULL,NULL),(41,'IP_CONFIGURE_SERVICE','IP Configure Service Provisioning','IP – Configure \r\nService Provisioning ',1,27,40,42,NULL,1,'2021-10-15 10:02:43',1,'2021-10-15 10:02:43','ACTIVE','IpConfigureService',NULL,NULL,1,'SEND BACK',NULL,0,NULL,'Save As Draft','Save & Next',1,NULL,NULL,NULL,NULL),(42,'TAC_CONDUCT','TAC – Conduct Testing','TAC – Conduct \r\nTesting/BW \r\nThroughput',1,28,41,43,NULL,NULL,'2021-10-15 10:03:50',NULL,'2021-10-15 10:03:50','ACTIVE','TACConductTesting',NULL,NULL,1,'SEND BACK',NULL,0,NULL,'Save As Draft','Save & Next',0,NULL,NULL,NULL,NULL),(43,'CONFIRM_CIRCUIT','Confirm Circuit Activation Date','Confirm Circuit \r\nActivation Date + \r\nOther details \r\n(Prefixes etc.) to IP \r\nTeam',1,29,42,44,NULL,NULL,'2021-10-15 10:05:02',NULL,'2021-10-15 10:05:02','ACTIVE','ConfirmCircuitActivation',NULL,NULL,1,'SEND BACK',NULL,0,NULL,'Save As Draft','Save & Next',0,NULL,NULL,NULL,NULL),(44,'VPE_APPROVAL','Approve Circuits Activation','VPE Circuits Activation Approval',1,30,43,45,NULL,1,'2021-10-15 10:06:19',1,'2021-10-15 10:06:19','ACTIVE','VPECircuitActivationApproval',NULL,NULL,1,'SEND BACK',NULL,0,NULL,'Save As Draft','Save & Next',0,NULL,NULL,NULL,NULL),(45,'ACTIVATE_CIRCUIT','Activate Circuits','Activate Circuit + \r\nShare IP details with \r\nC-Ops',1,31,44,46,NULL,1,'2021-10-15 10:07:16',1,'2021-10-15 10:07:16','ACTIVE','ActivateCircuit',NULL,NULL,1,'SEND BACK',NULL,0,NULL,'Save As Draft','Save & Next',1,NULL,NULL,NULL,NULL),(46,'SHARE_NOTIFICATION\r\n','Share notification','Share notification \r\nwith C-Ops, IP \r\nFinance & TAC\r\n',1,32,45,47,NULL,1,'2021-10-15 10:08:29',1,'2021-10-15 10:08:29','ACTIVE','ShareActivationNotification',NULL,NULL,1,'SEND BACK',NULL,0,NULL,'Save As Draft','Send Notification & Proceed',0,NULL,NULL,'fa fa-paper-plane',NULL),(47,'POST_ACTIVATION_DETAILS','Post Activation  Details','Post Activation \r\nDetails',1,33,46,NULL,NULL,NULL,'2021-10-15 10:09:37',NULL,'2021-10-15 10:09:37','ACTIVE','PostActivationDetails',NULL,NULL,1,'SEND BACK',NULL,0,NULL,'Save As Draft','Complete Lead',0,NULL,NULL,'fa fa-check-circle',1),(48,'IP_PROVIDE_FEASIBILITY','Provide Feasibility','Provide feasiblity for the change request of this circuit',2,1,68,NULL,1,1,'2021-11-08 09:45:17',1,'2021-11-08 09:45:17','ACTIVE','ProvideFeasibility',NULL,'wf2100_ipProvideFeasibility',0,NULL,NULL,0,NULL,'Save As Draft','Save & Next',1,'SINGLE','AUTO',NULL,NULL),(49,'OPTIMIZE_NETWORK','Optimize Network/ Hold Change  Request','Optimize Network/\r\nHold Change \r\nRequest',2,2,48,NULL,1,1,'2021-11-09 12:05:19',1,'2021-11-09 12:05:19','ACTIVE','OptimizeNetwork',NULL,'wf2100_optimizeNetwork',0,NULL,NULL,0,NULL,'Save As Draft','Save & Next',1,'SINGLE','AUTO',NULL,NULL),(50,'INFORM_CUSTOMER\r\n','Inform Customer','Inform customer about the infeasibility of change request',2,2.5,NULL,NULL,NULL,1,'2021-11-09 12:06:25',1,'2021-11-09 12:06:25','ACTIVE','InformCustomer',NULL,NULL,0,NULL,NULL,0,NULL,'Save As Draft','Save & Next',1,NULL,NULL,NULL,NULL),(51,'INITIATE_BILLING_CHANGE\r\n','Initiate Billing Change','Initiate billing change for this circuit for review and approval.',2,3,NULL,52,NULL,1,'2021-11-09 12:07:17',1,'2021-11-09 12:07:17','ACTIVE','InitiateBillingChange',NULL,NULL,0,NULL,NULL,0,NULL,'Save As Draft','Initiate Billing Change',0,NULL,NULL,NULL,NULL),(52,'RECOMMEND_APPROVE','Recommend & Approve Billing Change','Recommend & \r\nApprove',2,4,51,53,NULL,1,'2021-11-09 12:08:09',1,'2021-11-09 12:08:09','ACTIVE','RecommendBillingChange',NULL,NULL,1,NULL,NULL,0,NULL,'Save As Draft','Save & Next',1,NULL,NULL,NULL,NULL),(53,'VPC_REVIEW_APPROVA\r\n','VPC Review & Approval','VPC Review & Approval\r\n',2,5,52,54,NULL,1,'2021-11-09 12:08:48',1,'2021-11-09 12:08:48','ACTIVE','CRVPCApproval',NULL,NULL,0,NULL,NULL,0,NULL,'Save As Draft','Approve & Proceed',0,NULL,NULL,NULL,NULL),(54,'VPE_APPROVAL\r\n','VPE Approval','VPE Approval\r\n',2,6,53,55,NULL,1,'2021-11-09 12:10:02',1,'2021-11-09 12:10:02','ACTIVE','CRVPEApproval',NULL,NULL,0,NULL,NULL,0,NULL,'Save As Draft','Approve & Proceed',0,NULL,NULL,NULL,NULL),(55,'IP_UPGRADE_DOWNGRADE\r\n','IP - Upgrade/ Downgrade Circuit','Upgrade/Downgrade the Circuit to complete this Change Request.',2,7,54,56,NULL,1,'2021-11-09 12:10:43',1,'2021-11-09 12:10:43','ACTIVE','UpgradeDowngradeCircuit',NULL,NULL,1,NULL,NULL,0,NULL,'Save As Draft','Save & Next',1,NULL,NULL,NULL,NULL),(56,'TAC_INFORM_CUSTOMER','TAC – Inform  Customer','Inform customer about about the upgrade/downgrade of circuit.',2,8,55,57,NULL,1,'2021-11-09 12:11:15',1,'2021-11-09 12:11:15','ACTIVE','InformCustomer',NULL,NULL,1,NULL,NULL,0,NULL,'Save As Draft','Save & Next',1,NULL,NULL,NULL,NULL),(57,'SHARE_NOTIFICATION','Share notification','Share notification with C-Ops, Finance & TAC',2,9,NULL,NULL,NULL,1,'2021-11-09 12:11:44',1,'2021-11-09 12:11:44','ACTIVE','ShareNotification',NULL,NULL,0,NULL,NULL,0,NULL,'Save As Draft','Send Notification & Complete Request',0,NULL,NULL,'fa fa-paper-plane',1),(63,'INITIATE_LEAD_KILL','Initiate lead kill','To Initiate Kill Lead request you must pick termination reason from given',10,1,NULL,64,NULL,NULL,NULL,NULL,NULL,'ACTIVE','InitiateKillLead',NULL,NULL,0,NULL,NULL,0,NULL,'Save As Draft','Save & Next',0,NULL,NULL,NULL,NULL),(64,'SEGMENT_REVIEW_APPROVE','Segment Review','Kindly review and provide your comments.',10,2,63,65,NULL,NULL,NULL,NULL,NULL,'ACTIVE','SegmentReview',NULL,NULL,0,NULL,NULL,0,NULL,'Save As Draft','Save & Next',0,NULL,NULL,NULL,NULL),(65,'COPS_REVIEW_APPROVE','Review','Kindly review and provide your comments.',10,3,64,66,NULL,NULL,NULL,NULL,NULL,'ACTIVE','COPSReview',NULL,NULL,1,'Send Back',NULL,0,NULL,'Save As Draft','Save & Next',0,NULL,NULL,NULL,NULL),(66,'ACC_FEEDBACK_FROM_CUST','Feedback from customer','Kindlly provide customer feedback.',10,4,65,67,NULL,NULL,NULL,NULL,NULL,'ACTIVE','FeedbackFromCustomer',NULL,NULL,1,'Send Back',NULL,0,NULL,'Save As Draft','Save & Next',0,NULL,NULL,NULL,NULL),(67,'SUBMIT_LOSS_REVIEW','Submit Loss Review','To finalize Kill Lead request you must submit loss review below.',10,5,66,NULL,NULL,NULL,NULL,NULL,NULL,'ACTIVE','SubmitLossReview',NULL,NULL,1,'Send Back',NULL,0,NULL,'Save As Draft','Save & Next',0,NULL,NULL,NULL,1),(68,'INITIATE_CHANGE_REQUEST_WF_2100','Initiate Change Request','Initiate Change Request_WF-2100',2,0,NULL,48,NULL,1,'2021-11-08 09:45:17',1,'2021-11-08 09:45:17','ACTIVE','InitiateChangeRequest',NULL,NULL,0,NULL,NULL,0,NULL,'Save As Draft','Save & Next',1,NULL,NULL,NULL,NULL),(69,'INITIATE_CHANGE_REQUEST_WF-2200','Initiate Change Request','Initiate Change Request_WF_2200',3,0,NULL,48,1,1,'2021-11-08 09:45:17',1,'2021-11-08 09:45:17','ACTIVE','InitiateChangeRequest',NULL,'wf2200_initiate',0,NULL,NULL,0,NULL,'Save As Draft','Save & Next',1,'MULTIPLE','AUTO',NULL,NULL),(70,'INITIATE_CHANGE_REQUEST_WF-2300','Initiate Change Request','Initiate Change Request_WF_2300',4,0,NULL,48,NULL,1,'2021-11-08 09:45:17',1,'2021-11-08 09:45:17','ACTIVE','InitiateChangeRequest',NULL,NULL,0,NULL,NULL,0,NULL,'Save As Draft','Save & Next',1,NULL,NULL,NULL,NULL),(71,'INITIATE_CHANGE_REQUEST_WF-2400','Initiate Change Request','Initiate Change Request_WF_2400',5,0,NULL,48,NULL,1,'2021-11-08 09:45:17',1,'2021-11-08 09:45:17','ACTIVE','InitiateChangeRequest',NULL,NULL,0,NULL,NULL,0,NULL,'Save As Draft','Save & Next',1,NULL,NULL,NULL,NULL),(72,'INITIATE_CHANGE_REQUEST_WF-2500','Initiate Change Request','Initiate Change Request_WF_2500',6,0,NULL,153,NULL,1,'2021-11-08 09:45:17',1,'2021-11-08 09:45:17','ACTIVE','InitiateChangeRequest',NULL,NULL,0,NULL,NULL,0,NULL,'Save As Draft','Save & Next',1,NULL,NULL,NULL,NULL),(73,'INITIATE_CHANGE_REQUEST_WF-2600','Initiate Change Request','Initiate Change Request_WF_2600',7,0,NULL,175,NULL,1,'2021-11-08 09:45:17',1,'2021-11-08 09:45:17','ACTIVE','InitiateChangeRequest',NULL,NULL,0,NULL,NULL,0,NULL,'Save As Draft','Save & Next',1,NULL,NULL,NULL,NULL),(74,'INITIATE_CHANGE_REQUEST_WF-2700','Initiate Change Request','Initiate Change Request_WF_2700',8,0,NULL,456,1,1,'2021-11-08 09:45:17',1,'2022-01-13 06:55:54','ACTIVE','InitiateChangeRequest',NULL,'wf2700_is_flat_renewal',0,NULL,NULL,0,NULL,'Save As Draft','Save & Next',1,NULL,'AUTO',NULL,NULL),(75,'INITIATE_CHANGE_REQUEST_WF-2800','Initiate Change Request','Initiate Change Request_WF_2800',9,0,NULL,76,NULL,1,'2021-11-08 09:45:17',1,'2021-11-08 09:45:17','ACTIVE','InitiateChangeRequest',NULL,NULL,0,NULL,NULL,0,NULL,'Save As Draft','Save & Next',1,NULL,NULL,NULL,NULL),(76,'IP_PROVIDE_FEASIBILITY_2800','Provide Feasibility','Provide feasiblity for the change request of this circuit',9,1,75,NULL,1,1,'2021-11-08 09:45:17',1,'2021-11-08 09:45:17','ACTIVE','ProvideFeasibility',NULL,'wf2800_ipProvideFeasibility',0,NULL,NULL,0,NULL,'Save As Draft','Save & Next',1,'SINGLE','AUTO',NULL,NULL),(77,'INITIATE_BILLING_CHANGE\r\n_2800','Initiate Billing Change','Initiate billing change for this circuit for review and approval.',9,2,76,78,NULL,1,'2021-11-09 12:07:17',1,'2021-11-09 12:07:17','ACTIVE','InitiateBillingChange',NULL,NULL,0,NULL,NULL,0,NULL,'Save As Draft','Initiate Billing Change',0,NULL,NULL,NULL,NULL),(78,'RECOMMEND_APPROVE_2800','Recommend & Approve Billing Change','Recommend & \r\nApprove',9,3,77,79,NULL,1,'2021-11-09 12:08:09',1,'2021-11-09 12:08:09','ACTIVE','RecommendBillingChange',NULL,NULL,1,NULL,NULL,0,NULL,'Save As Draft','Save & Next',1,NULL,NULL,NULL,NULL),(79,'VPC_REVIEW_APPROVA\r\nL_2800','VPC Review & Approval','VPC Review & Approval\r\n',9,4,78,80,NULL,1,'2021-11-09 12:08:48',1,'2021-11-09 12:08:48','ACTIVE','VPCApprovalIPAllocation',NULL,NULL,0,NULL,NULL,0,NULL,'Save As Draft','Approve & Proceed',0,NULL,NULL,NULL,NULL),(80,'VPE_APPROVAL\r\n_2800','VPE Approval','VPE Approval\r\n',9,5,79,84,NULL,1,'2021-11-09 12:10:02',1,'2021-11-09 12:10:02','ACTIVE','VPEApprovalIPAllocation',NULL,NULL,0,NULL,NULL,0,NULL,'Save As Draft','Approve & Proceed',0,NULL,NULL,NULL,NULL),(81,'TAC_INFORM_CUSTOMER_2800','TAC – Inform  Customer','Inform customer about about the IP Allocation of circuit in this change request.',9,7,84,82,NULL,1,'2021-11-09 12:11:15',1,'2021-11-09 12:11:15','ACTIVE','InformCustomer',NULL,NULL,1,NULL,NULL,0,NULL,'Save As Draft','Save & Next',1,NULL,NULL,NULL,NULL),(82,'SHARE_NOTIFICATION_2800','Share notification','Share notification with C-Ops, Finance & TAC',9,8,81,NULL,NULL,1,'2021-11-09 12:11:44',1,'2021-11-09 12:11:44','ACTIVE','ShareNotification',NULL,NULL,0,NULL,NULL,0,NULL,'Save As Draft','Send Notification & Complete Request',0,NULL,NULL,'fa fa-paper-plane',1),(83,'INFORM_CUSTOMER\r\n_2800','Inform Customer','Inform customer about the infeasibility of change request',9,2.5,76,NULL,NULL,1,'2021-11-09 12:06:25',1,'2021-11-09 12:06:25','ACTIVE','InformCustomer',NULL,NULL,0,NULL,NULL,0,NULL,'Save As Draft','Save & Next',1,NULL,NULL,NULL,1),(84,'IP_ALLOCATE_IP','IP-Allocate IP','Allocate IP and update the circuit in this change request',9,6,80,81,NULL,1,'2021-11-09 12:06:25',1,'2021-11-09 12:06:25','ACTIVE','UpgradeDowngradeCircuit',NULL,NULL,0,NULL,NULL,0,NULL,'Save As Draft','Save & Next',1,NULL,NULL,NULL,NULL),(85,'TX_FEASIBILITY_WF-2200','Tx - Provide Feasibility','Provide feasiblity for the change request of this circuit',3,1,69,NULL,1,1,'2021-11-09 12:06:25',1,'2021-11-09 12:06:25','ACTIVE','ProvideFeasibility',NULL,'wf2200_feasible',0,NULL,NULL,0,NULL,'Save As Draft','Proceed',0,'SINGLE','AUTO',NULL,NULL),(86,'NOC_FEASIBILITY_WF-2200','NOC - Provide Feasibility','Provide feasiblity for the change request of this circuit',3,1,69,NULL,1,1,'2021-11-09 12:06:25',1,'2021-11-09 12:06:25','ACTIVE','ProvideFeasibility',NULL,'wf2200_feasible',0,NULL,NULL,0,NULL,'Save As Draft','Proceed',0,'SINGLE','AUTO',NULL,NULL),(87,'IP_FEASIBILITY_WF-2200','IP - Provide  Feasibility','Provide feasiblity for the change request of this circuit',3,1,69,NULL,1,1,'2021-11-09 12:06:25',1,'2021-11-09 12:06:25','ACTIVE','ProvideFeasibility',NULL,'wf2200_feasible',0,NULL,NULL,0,NULL,'Save As Draft','Proceed',0,'SINGLE','AUTO',NULL,NULL),(88,'ACCESS_FEASIBILITY_WF-2200','Access - Provide Feasibility','Provide feasiblity for the change request of this circuit',3,1,69,NULL,1,1,'2021-11-09 12:06:25',1,'2021-11-09 12:06:25','ACTIVE','ProvideFeasibility',NULL,'wf2200_feasible',0,NULL,NULL,0,NULL,'Save As Draft','Proceed',0,'SINGLE','AUTO',NULL,NULL),(89,'INFORM_CUSTOMER_WF-2200','Inform Customer','Inform customer about the infeasiblity of change request.',3,2.5,NULL,NULL,NULL,1,'2021-11-09 12:06:25',1,'2021-11-09 12:06:25','ACTIVE','InformCustomer',NULL,NULL,0,NULL,NULL,0,NULL,'Save As Draft','Save & Next',1,NULL,NULL,NULL,NULL),(90,'CREATE_SOLUTION_DESIGN_WF-2200','Create Solution Design','Create solution design for this circuit\'s change request.',3,2,NULL,91,NULL,1,'2021-11-09 12:06:25',1,'2021-11-09 12:06:25','ACTIVE','CreateSolutionDesign',NULL,NULL,0,NULL,NULL,0,NULL,'Save As Draft','Save & Next',1,NULL,NULL,NULL,NULL),(91,'PRICE_VALIDATION_WF-2200','Price Validation','',3,3,90,92,NULL,1,'2021-11-09 12:06:25',1,'2021-11-09 12:06:25','ACTIVE','PriceValidation',NULL,NULL,0,NULL,NULL,0,NULL,'Save As Draft','Save & Next',1,NULL,NULL,NULL,NULL),(92,'COMMERCIAL_OFFER_WF-2200','First Commercial Offer','Create Commercial \r\nOffer',3,4,13,93,NULL,NULL,NULL,NULL,NULL,'ACTIVE','FirstCommercialOffer',NULL,NULL,0,NULL,NULL,0,NULL,'Save As Draft','Save & Next',1,NULL,NULL,NULL,NULL),(93,'PRESENT_COMMERCIAL_OFFER_WF-2200','Present Commercial  Offer','Present Commercial \r\nOffer to Customer',3,5,7,NULL,1,1,'2021-09-08 05:59:06',1,'2021-09-08 05:59:06','ACTIVE','PresentCommercialOffer','send in tracking api\r\n\"true\"\r\n\"false\"',NULL,1,'Send Back',3,1,'Technical Revision ','Save As Draft','Save & Next',1,'SINGLE','MANUAL',NULL,NULL),(94,'RECOMMEND_REVISED_OFFER_WF-2200','Recommend Revised  Offer','Recommend Revised \r\nOffe',3,6,93,95,NULL,1,'2021-09-08 06:04:33',1,'2021-09-08 06:04:33','ACTIVE','RecommendRevisedCommercialOffer',NULL,NULL,0,NULL,NULL,0,NULL,'Save As Draft','Save & Next',1,NULL,NULL,NULL,NULL),(95,'REVIEW_REVISED_OFFER_WF-2200','Review Revised  Offer','Review Revised \r\nOffer',3,6.1,94,96,NULL,1,'2021-09-08 06:05:39',1,'2021-09-08 06:05:39','ACTIVE','ReviewRevisedCommercialOffer',NULL,NULL,0,NULL,NULL,0,NULL,'Save As Draft','Save & Next',1,NULL,NULL,NULL,NULL),(96,'VPC_APPROVAL_COMMERCIAL_OFFER\r_WF-2200\n','VPC Approval Commercial Offer','VPC Approval',3,6.2,95,97,NULL,1,'2021-09-08 06:06:50',1,'2021-09-08 06:06:50','ACTIVE','CommercialOfferApproval',NULL,NULL,0,NULL,NULL,0,NULL,'Save As Draft','Save & Next',1,NULL,NULL,NULL,NULL),(97,'CREATE_REVISED_COMMERCIAL_OFFER_WF-2200','Create revised  Commercial Offer','Create revised \r\nCommercial Offer',3,6.3,96,93,NULL,1,'2021-09-08 06:07:50',1,'2021-09-08 06:07:50','ACTIVE','CreateRevisedCommercialOffer',NULL,NULL,0,NULL,NULL,0,NULL,'Save As Draft','Save & Next',1,NULL,NULL,NULL,NULL),(98,'INPUT_ENGAGEMENT_PARAMETER_WF-2200','Input Engagement  Parameters ','Input Engagement \r\nParameters ',3,7,93,NULL,1,1,'2021-09-08 06:02:48',1,'2021-09-08 06:02:48','ACTIVE','InputEngagementParameters','function calling','inputEngagementParameter',0,NULL,NULL,0,NULL,'Save As Draft','Save & Next',1,'MULTIPLE','AUTO',NULL,NULL),(99,'GENERATE_CIF_WF-2200','Generate CIF','Generate CIF',3,8,98,100,NULL,1,'2021-09-14 10:48:00',1,'2021-09-14 10:48:00','ACTIVE','GenerateCIF',NULL,NULL,0,NULL,NULL,0,NULL,'Save As Draft','Save & Next',1,NULL,NULL,NULL,NULL),(100,'REVIEW_FINALIZE_CONTRACT_WF-2200','Review & Finalize  Contract','Review & Finalize \r\nContract',3,8.1,99,103,NULL,1,'2021-09-14 10:50:10',1,'2021-09-14 10:50:10','ACTIVE','ReviewAndFinalizeCIF',NULL,NULL,0,NULL,NULL,0,NULL,'Save As Draft','Save & Next',1,NULL,NULL,NULL,NULL),(101,'GENERATE_SOF_WF-2200','Generate SOF','Generate SOF',3,9,98,102,NULL,1,'2021-09-14 11:20:58',1,'2021-09-14 11:20:58','ACTIVE','GenerateSOF',NULL,NULL,0,NULL,NULL,0,NULL,'Save As Draft','Save & Next',1,NULL,NULL,NULL,NULL),(102,'VPC_APPROVAL_SOF_WF-2200','VPC Approval (SOF)','VPC Approval (SOF)',3,9.1,101,103,NULL,1,'2021-09-14 11:21:36',1,'2021-09-14 11:21:36','ACTIVE','VPCApprovalSOF',NULL,NULL,0,NULL,NULL,0,NULL,'Save As Draft','Save & Next',1,NULL,NULL,NULL,NULL),(103,'VPF_APPROVAL_CONTRACT_SOF_WF-2200','VPF Approval  (Contract + SOF)','VPF Approval \r\n(Contract + SOF)',3,10,NULL,104,NULL,1,'2021-09-14 11:23:11',1,'2021-09-14 11:23:11','ACTIVE','VPFApprovalSOFCIF',NULL,NULL,0,NULL,NULL,0,NULL,'Save As Draft','Save & Next',1,NULL,NULL,NULL,NULL),(104,'PRESENT_CONTRACT_SOF_CUSTOMER\r\n_WF-2200','Present Contract/ SOF to the Customer','Present Contract/\r\nSOF to the Customer\r\n',3,11,103,105,NULL,1,'2021-09-14 11:24:11',NULL,'2021-09-14 11:24:11','ACTIVE','PresentSOFAndContract',NULL,NULL,0,NULL,NULL,0,NULL,'Save As Draft','Save & Next',1,NULL,NULL,NULL,NULL),(105,'UPLOAD_SIGNED_DOCS_WF-2200','Upload Signed Docs','Upload Signed Docs\r\n(Countersign \r\nDocuments (VPC)\r\nCountersign \r\nDocuments (VPF)\r\n)',3,12,105,17,NULL,1,'2021-10-04 09:44:34',1,'2021-10-04 09:44:34','ACTIVE','UploadSignedDocs',NULL,NULL,0,NULL,NULL,0,NULL,'Save As Draft','Save & Next',1,NULL,NULL,NULL,NULL),(106,'GENERATE_TICKET','Generate Ticket','Generate Ticket',11,1,NULL,107,NULL,1,'2021-10-15 10:09:37',1,'2021-10-15 10:09:37','ACTIVE','InitiateTroubleTicket',NULL,NULL,0,'',NULL,0,NULL,'Save As Draft','Save & Next',1,NULL,NULL,NULL,NULL),(107,'TROUBLESHOOT_IDENTIFICATION','Troubleshoot & Identification','Troubleshoot & Identification',11,2,106,108,1,1,'2021-10-15 10:09:37',1,'2021-10-15 10:09:37','ACTIVE','',NULL,NULL,0,'',NULL,0,NULL,'Save As Draft','Save & Next',1,NULL,'AUTO',NULL,NULL),(108,'ASSIGN_TICKET','Assign Ticket','Resolve or assign ',11,3,107,109,NULL,NULL,NULL,NULL,NULL,'ACTIVE',NULL,NULL,NULL,0,NULL,NULL,0,NULL,'Save As Draft','Save & Next',1,NULL,NULL,NULL,NULL),(109,'VALIDATE_RESOLUTION_CUSTOMER ','Validate Resolution From Customer','Validate Resolution From Customer',11,3,108,110,NULL,NULL,NULL,NULL,NULL,'ACTIVE',NULL,NULL,NULL,0,NULL,NULL,0,NULL,'Save As Draft','Save & Next',1,NULL,NULL,NULL,NULL),(110,'PROVIDE_RCA','Provide RCA','Provide RCA',11,3,109,111,NULL,NULL,NULL,NULL,NULL,'ACTIVE',NULL,NULL,NULL,0,NULL,NULL,0,NULL,'Save As Draft','Save & Next',1,NULL,NULL,NULL,NULL),(111,'CLOSE_TICKET','Close Ticket','Close Ticket',11,3,110,112,NULL,NULL,NULL,NULL,NULL,'ACTIVE',NULL,NULL,NULL,0,NULL,NULL,0,NULL,'Save As Draft','Save & Next',1,NULL,NULL,NULL,NULL),(112,'INFORM_CUSTOMER','Inform Customer','Inform Customer',11,3,111,NULL,NULL,NULL,NULL,NULL,NULL,'ACTIVE',NULL,NULL,NULL,0,NULL,NULL,0,NULL,'Save As Draft','Save & Next',1,NULL,NULL,NULL,NULL),(113,'INITIATE_CHANGE_REQUEST','Initiate Change Request','Initiate Change Request',12,0,NULL,114,NULL,1,'2021-12-21 10:09:37',1,'2021-12-21 10:09:37','ACTIVE','InitiateChangeRequest',NULL,NULL,0,NULL,NULL,0,NULL,'Save As Draft','Save & Next',1,NULL,NULL,NULL,NULL),(114,'DEVELOP_STRATEGY','Develop Strategy','Develop CRF',12,2,113,117,NULL,NULL,'2021-12-21 10:09:37',NULL,'2021-12-21 10:09:37','ACTIVE','DevelopStrategy',NULL,NULL,1,'Send Back',NULL,0,NULL,'Save As Draft','Save & Next',0,NULL,NULL,NULL,NULL),(115,'SELECT_BEST_LM','Select Best LM','Select best LM \r\nOption(s)\r\n',12,5,124,118,NULL,NULL,'2021-12-21 10:09:37',NULL,'2021-12-21 10:09:37','ACTIVE','SelectBestLM',NULL,NULL,1,'Send Back',NULL,0,NULL,'Save As Draft','Save & Next',0,NULL,NULL,NULL,NULL),(116,'COMMERCIAL_OFFER','First Commercial Offer','Create Commercial \r\nOffer',12,11,125,126,NULL,NULL,'2021-12-21 10:09:37',NULL,'2021-12-21 10:09:37','ACTIVE','FirstCommercialOffer',NULL,NULL,0,NULL,NULL,0,NULL,'Save As Draft','Save & Next',0,NULL,NULL,NULL,NULL),(117,'LAST_MILE','Provide LM List','Access to Provide \r\nshortlisted LMPs on \r\ntechnical solution',12,3,114,124,NULL,NULL,'2021-12-21 10:09:37',NULL,'2021-12-21 10:09:37','ACTIVE','LastMile',NULL,NULL,1,'Send Back',NULL,0,NULL,'Save As Draft','Save & Next',0,NULL,NULL,NULL,NULL),(118,'PRE_SALES','Create Solution Design','Create Solution \r\nDesign\r\n',12,6,115,119,1,NULL,'2021-12-21 10:09:37',NULL,'2021-12-21 10:09:37','ACTIVE','CreateSolutionDesign','function calling','createSolutionDesign',1,'Send Back',NULL,0,NULL,'Save As Draft','Save & Next',0,'MULTIPLE','AUTO',NULL,NULL),(119,'TX_VALIDATION','TX Validation','Tx – Validate \r\nSolution\r\n',12,7,118,120,NULL,NULL,'2021-12-21 10:09:37',NULL,'2021-12-21 10:09:37','ACTIVE','TXValidation',NULL,NULL,0,NULL,NULL,0,NULL,'Save As Draft','Save & Next',1,NULL,NULL,NULL,NULL),(120,'NOC_VALIDATION','NOC Validation','NOC – Validate \r\nSolution',12,8,119,121,NULL,NULL,'2021-12-21 10:09:37',NULL,'2021-12-21 10:09:37','ACTIVE','NOCValidation',NULL,NULL,1,'Send Back',NULL,0,NULL,'Save As Draft','Save & Next',1,NULL,NULL,NULL,NULL),(121,'IP_VALIDATION','IP Validation','IP – Validate \r\nSolution\r\n',12,9,120,122,1,NULL,'2021-12-21 10:09:37',NULL,'2021-12-21 10:09:37','ACTIVE','IPValidation','function calling','ipValidation',0,NULL,NULL,0,NULL,'Save As Draft','Save & Next',1,'SINGLE','AUTO',NULL,NULL),(122,'PRICE_VALIDATION','Segment - Price Validation','Solution Price \r\nValidation - Segment Lead',12,10.5,121,116,NULL,NULL,'2021-12-21 10:09:37',NULL,'2021-12-21 10:09:37','ACTIVE','PriceValidation',NULL,NULL,0,NULL,118,1,'Technical Revision ','Save As Draft','Save & Next',0,NULL,NULL,NULL,NULL),(123,'CIRCUIT_CREATION','Update Circuit','Update existing Circuit for change-request',12,20,138,141,NULL,1,'2021-12-21 10:09:37',NULL,'2021-12-21 10:09:37','ACTIVE','CreateCircuits','Update existing circuit only',NULL,1,'Send Back',NULL,0,NULL,'Save As Draft','Save & Next',0,NULL,NULL,NULL,NULL),(124,'NEGOTIATE_LM_QUOTES','Negotiate LM Quotes','Negotiate and get \r\nQuotations from \r\nLMP',12,4,117,115,NULL,NULL,'2021-12-21 10:09:37',NULL,'2021-12-21 10:09:37','ACTIVE','NegotiateLMQuotes',NULL,NULL,1,'Send Back',NULL,0,NULL,'Save As Draft','Save & Next',0,NULL,NULL,NULL,NULL),(125,'COPS_PRICE_VALIDATION','COPs - Price Validation','Cops-Solution Price \r\nValidation',12,10,118,116,NULL,1,'2021-12-21 10:09:37',1,'2021-12-21 10:09:37','ACTIVE','PriceValidation',NULL,NULL,0,NULL,118,1,'Technical Revision ','Save As Draft','Save & Next',0,NULL,NULL,NULL,NULL),(126,'PRESENT_COMMERCIAL_OFFER','Present Commercial  Offer','Present Commercial \r\nOffer to Customer',12,12,116,127,1,1,'2021-12-21 10:09:37',1,'2021-12-21 10:09:37','ACTIVE','PresentCommercialOffer','send in tracking api\r\n\"true\"\r\n\"false\"',NULL,1,'Send Back',114,1,'Technical Revision ','Save As Draft','Save & Next',0,'SINGLE','MANUAL',NULL,NULL),(127,'INPUT_ENGAGEMENT_PARAMETER','Input Engagement  Parameters ','Input Engagement \r\nParameters ',12,14,126,132,1,1,'2021-12-21 10:09:37',1,'2021-12-21 10:09:37','ACTIVE','InputEngagementParameters','function calling','inputEngagementParameter',0,NULL,NULL,0,NULL,'Save As Draft','Save & Next',1,'MULTIPLE','AUTO',NULL,NULL),(128,'RECOMMEND_REVISED_OFFER','Recommend Revised  Offer','Recommend Revised \r\nOffe',12,13,126,129,NULL,1,'2021-12-21 10:09:37',1,'2021-12-21 10:09:37','ACTIVE','RecommendRevisedCommercialOffer',NULL,NULL,0,NULL,NULL,0,NULL,'Save As Draft','Save & Next',1,NULL,NULL,NULL,NULL),(129,'REVIEW_REVISED_OFFER','Review Revised  Offer','Review Revised \r\nOffer',12,13.1,128,130,NULL,1,'2021-12-21 10:09:37',1,'2021-12-21 10:09:37','ACTIVE','ReviewRevisedCommercialOffer',NULL,NULL,0,NULL,NULL,0,NULL,'Save As Draft','Save & Next',1,NULL,NULL,NULL,NULL),(130,'VPC_APPROVAL_COMMERCIAL_OFFER\r\n','VPC Approval Commercial Offer','VPC Approval',12,13.2,129,131,NULL,1,'2021-12-21 10:09:37',1,'2021-12-21 10:09:37','ACTIVE','CommercialOfferApproval',NULL,NULL,0,NULL,NULL,0,NULL,'Save As Draft','Save & Next',1,NULL,NULL,NULL,NULL),(131,'CREATE_REVISED_COMMERCIAL_OFFER','Create revised  Commercial Offer','Create revised \r\nCommercial Offer',12,13.3,130,126,NULL,1,'2021-12-21 10:09:37',1,'2021-12-21 10:09:37','ACTIVE','CreateRevisedCommercialOffer',NULL,NULL,0,NULL,NULL,0,NULL,'Save As Draft','Save & Next',1,NULL,NULL,NULL,NULL),(132,'GENERATE_CIF','Generate CIF','Generate CIF',12,15,127,133,NULL,1,'2021-12-21 10:09:37',1,'2021-12-21 10:09:37','ACTIVE','GenerateCIF',NULL,NULL,0,NULL,NULL,0,NULL,'Save As Draft','Save & Next',1,NULL,NULL,NULL,NULL),(133,'REVIEW_FINALIZE_CONTRACT','Review & Finalize  Contract','Review & Finalize \r\nContract',12,15.1,132,136,1,1,'2021-12-21 10:09:37',1,'2021-12-21 10:09:37','ACTIVE','ReviewAndFinalizeCIF',NULL,'isSofVPCApproved',0,NULL,NULL,0,NULL,'Save As Draft','Save & Next',0,'SINGLE','AUTO',NULL,NULL),(134,'GENERATE_SOF','Generate SOF','Generate SOF',12,16,127,135,NULL,1,'2021-12-21 10:09:37',1,'2021-12-21 10:09:37','ACTIVE','GenerateSOF',NULL,NULL,0,NULL,NULL,0,NULL,'Save As Draft','Save & Next',0,NULL,NULL,NULL,NULL),(135,'VPC_APPROVAL_SOF','VPC Approval (SOF)','VPC Approval (SOF)',12,16.1,134,136,1,1,'2021-12-21 10:09:37',1,'2021-12-21 10:09:37','ACTIVE','VPCApprovalSOF',NULL,'isContractFinalLegal',0,NULL,NULL,0,NULL,'Save As Draft','Save & Next',1,'SINGLE','AUTO',NULL,NULL),(136,'VPF_APPROVAL_CONTRACT_SOF','VPF Approval  (Contract + SOF)','VPF Approval \r\n(Contract + SOF)',12,17,NULL,137,NULL,1,'2021-12-21 10:09:37',1,'2021-12-21 10:09:37','ACTIVE','VPFApprovalSOFCIF',NULL,NULL,0,NULL,NULL,0,NULL,'Save As Draft','Save & Next',1,NULL,NULL,NULL,NULL),(137,'PRESENT_CONTRACT_SOF_CUSTOMER\r\n','Present Contract/ SOF to the Customer','Present Contract/\r\nSOF to the Customer\r\n',12,18,136,138,NULL,1,'2021-12-21 10:09:37',NULL,'2021-12-21 10:09:37','ACTIVE','PresentSOFAndContract',NULL,NULL,0,NULL,NULL,0,NULL,'Save As Draft','Save & Next',1,NULL,NULL,NULL,NULL),(138,'UPLOAD_SIGNED_DOCS','Upload Signed Docs','Upload Signed Docs\r\n(Countersign \r\nDocuments (VPC)\r\nCountersign \r\nDocuments (VPF)\r\n)',12,19,137,123,NULL,1,'2021-12-21 10:09:37',1,'2021-12-21 10:09:37','ACTIVE','UploadSignedDocs',NULL,NULL,1,'Send Back',NULL,0,NULL,'Save As Draft','Proceed',0,NULL,NULL,NULL,NULL),(141,'CREATE_LM_ORDERS','Create LM Orders','Create LM-Orders for LM-Quotes finalized against each CRF of particular Circuit',12,22,123,142,NULL,1,'2021-12-21 10:09:37',NULL,'2021-12-21 10:09:37','ACTIVE','CreateLMOrders',NULL,NULL,1,'Send Back',NULL,0,NULL,'Save As Draft','Save & Next',1,NULL,NULL,NULL,NULL),(142,'REVALIDATE_TECHNICAL_LM_PROPOSAL','Revalidate LM  proposal','Access – Revalidate \r\ntechnical LM \r\nproposal',12,23,141,143,NULL,1,'2021-12-21 10:09:37',1,'2021-12-21 10:09:37','ACTIVE','RevalidateLMProposal',NULL,NULL,1,'Send Back',NULL,0,NULL,'Save As Draft','Save & Next',1,NULL,NULL,NULL,NULL),(143,'PRICE_NEGOTIATION_PRC','Price Negotiation  (PRC)','Price Negotiation for LM Orders\r\n(PRC)',12,24,142,144,NULL,1,'2021-12-21 10:09:37',1,'2021-12-21 10:09:37','ACTIVE','NegotiateLMOrders',NULL,NULL,1,'Send Back',NULL,0,NULL,'Save As Draft','Save & Next',0,NULL,NULL,NULL,NULL),(144,'TRANSFER_TO_SAP','Transfer LM Orders to SAP','Generate LM Order\r\n& transfer to SAP',12,25,143,145,NULL,1,'2021-12-21 10:09:37',1,'2021-12-21 10:09:37','ACTIVE','TransferToSAP',NULL,NULL,1,'Send Back',NULL,0,NULL,'Save As Draft','Save & Next',0,NULL,NULL,NULL,NULL),(145,'DEPLOY_LMS\r\n','Deploy LMs','Deploy LMs (Access) \r\n+ provide \r\nconfirmation to IP\r\n',12,26,144,146,NULL,1,'2021-12-21 10:09:37',1,'2021-12-21 10:09:37','ACTIVE','DeployLM',NULL,NULL,1,'Send Back',NULL,0,NULL,'Save As Draft','Save & Next',0,NULL,NULL,NULL,NULL),(146,'IP_CONFIGURE_SERVICE','IP Configure Service Provisioning','IP – Configure \r\nService Provisioning ',12,27,145,147,NULL,1,'2021-12-21 10:09:37',1,'2021-12-21 10:09:37','ACTIVE','IpConfigureService',NULL,NULL,1,'SEND BACK',NULL,0,NULL,'Save As Draft','Save & Next',1,NULL,NULL,NULL,NULL),(147,'TAC_CONDUCT','TAC – Conduct Testing','TAC – Conduct \r\nTesting/BW \r\nThroughput',12,28,146,148,NULL,NULL,'2021-12-21 10:09:37',NULL,'2021-12-21 10:09:37','ACTIVE','TACConductTesting',NULL,NULL,1,'SEND BACK',NULL,0,NULL,'Save As Draft','Save & Next',0,NULL,NULL,NULL,NULL),(148,'CONFIRM_CIRCUIT','Confirm Circuit Activation Date','Confirm Circuit \r\nActivation Date + \r\nOther details \r\n(Prefixes etc.) to IP \r\nTeam',12,29,147,149,NULL,NULL,'2021-12-21 10:09:37',NULL,'2021-12-21 10:09:37','ACTIVE','ConfirmCircuitActivation',NULL,NULL,1,'SEND BACK',NULL,0,NULL,'Save As Draft','Save & Next',0,NULL,NULL,NULL,NULL),(149,'VPE_APPROVAL','Approve Circuits Activation','VPE Circuits Activation Approval',12,30,148,150,NULL,1,'2021-12-21 10:09:37',1,'2021-12-21 10:09:37','ACTIVE','VPECircuitActivationApproval',NULL,NULL,1,'SEND BACK',NULL,0,NULL,'Save As Draft','Save & Next',0,NULL,NULL,NULL,NULL),(150,'ACTIVATE_CIRCUIT','Activate Circuits','Activate Circuit + \r\nShare IP details with \r\nC-Ops',12,31,149,151,NULL,1,'2021-12-21 10:09:37',1,'2021-12-21 10:09:37','ACTIVE','ActivateCircuit',NULL,NULL,1,'SEND BACK',NULL,0,NULL,'Save As Draft','Save & Next',1,NULL,NULL,NULL,NULL),(151,'SHARE_NOTIFICATION','Share notification','Share notification \r\nwith C-Ops, IP \r\nFinance & TAC\r\n',12,32,150,152,NULL,1,'2021-12-21 10:09:37',1,'2021-12-21 10:09:37','ACTIVE','ShareActivationNotification',NULL,NULL,1,'SEND BACK',NULL,0,NULL,'Save As Draft','Send Notification & Proceed',0,NULL,NULL,'fa fa-paper-plane',NULL),(152,'POST_ACTIVATION_DETAILS','Post Activation  Details','Post Activation \r\nDetails',12,33,151,NULL,NULL,NULL,'2021-12-21 10:09:37',NULL,'2021-12-21 10:09:37','ACTIVE','PostActivationDetails',NULL,NULL,1,'SEND BACK',NULL,0,NULL,'Save As Draft','Complete Change Request',0,NULL,NULL,'fa fa-check-circle',1),(153,'SEGMENT_LEAD_REVIEW_COMMENT','Segment Lead Review & Comment','Review & Comment By Segment Lead',6,1,NULL,154,NULL,NULL,'2021-12-21 10:09:37',NULL,'2021-12-21 10:09:37','ACTIVE','SegmentReviewAndComment',NULL,NULL,0,'SEND BACK',NULL,0,NULL,'Save As Draft','Send To Commercial For Review',0,NULL,NULL,NULL,NULL),(154,'COPS_REVIEW_COMMENT','COPS Review & Comment','Review & Comment By COPS',6,2,153,NULL,1,NULL,'2021-12-21 10:09:37',NULL,'2021-12-21 10:09:37','ACTIVE','CommercialReviewAndComment','','wf2500_suspension_forced_or_vpc_approved',1,'SEND BACK',NULL,0,NULL,'Save As Draft','Save & Next',0,'MULTIPLE','AUTO',NULL,NULL),(155,'IP_SUSPEND','IP  Suspend Circuit(s)','IP – IPTx/IConnect Suspend Circuit(s)',6,3,154,158,NULL,NULL,'2021-12-21 10:09:37',NULL,'2021-12-21 10:09:37','ACTIVE','SuspendCircuit',NULL,NULL,1,'SEND BACK',NULL,0,NULL,'Save As Draft','Suspend & Proceed',0,NULL,NULL,NULL,NULL),(156,'NOC_SUSPEND','NOC Suspend Circuit(s)','NOC Suspend Circuit(s)',6,3,154,158,NULL,NULL,'2021-12-21 10:09:37',NULL,'2021-12-21 10:09:37','ACTIVE','SuspendCircuit',NULL,NULL,1,'SEND BACK',NULL,0,NULL,'Save As Draft','Suspend & Proceed',0,NULL,NULL,NULL,NULL),(157,'ACCESS_SUSPEND','Access Suspend Circuit(s)','Access Suspend Circuit(s)',6,3,154,158,NULL,NULL,'2021-12-21 10:09:37',NULL,'2021-12-21 10:09:37','ACTIVE','SuspendCircuit',NULL,NULL,1,'SEND BACK',NULL,0,NULL,'Save As Draft','Suspend & Proceed',0,NULL,NULL,NULL,NULL),(158,'TAC_INFORM_CUSTOMER','TAC - Inform Customer','Inform Customer about Circuit Suspension',6,4,NULL,159,NULL,NULL,'2021-12-21 10:09:37',NULL,'2021-12-21 10:09:37','ACTIVE','InformCustomer',NULL,NULL,1,'SEND BACK',NULL,0,NULL,'Save As Draft','Save & Next',0,NULL,NULL,NULL,NULL),(159,'SHARE_NOTIFICATION','Share Notification','Share notification about circuit suspension with C-Ops, Finance & TAC',6,5,158,NULL,NULL,NULL,'2021-12-21 10:09:37',NULL,'2021-12-21 10:09:37','ACTIVE','ShareNotification',NULL,NULL,0,'SEND BACK',NULL,0,NULL,'Save As Draft','Send Notification & Complete Request',0,NULL,NULL,'fa fa-paper-plane',1),(160,'VPC_APPROVAL','VPC Approval','Approve Suspension for this circuit or ask for Revised Commercial Offer.',6,2.5,154,NULL,1,NULL,'2021-12-21 10:09:37',NULL,'2021-12-21 10:09:37','ACTIVE','VPCApprovalSuspension',NULL,'wf2500_suspension_forced_or_vpc_approved',0,'SEND BACK',NULL,0,NULL,'Save As Draft','Save & Next',0,'MULTIPLE','AUTO',NULL,NULL),(162,'PRESENT_COMMERCIAL_OFFER','Present Commercial  Offer','Present Commercial \r\nOffer to Customer',6,13.4,163,167,1,1,'2021-09-08 05:59:06',1,'2021-09-08 05:59:06','ACTIVE','PresentCommercialOffer','send in tracking api\r\n\"true\"\r\n\"false\"',NULL,1,'Send Back',NULL,0,'Technical Revision ','Save As Draft','Save & Next',0,'SINGLE','MANUAL',NULL,NULL),(163,'RECOMMEND_REVISED_OFFER','Recommend Revised  Offer','Recommend Revised \r\nOffe',6,13,160,164,NULL,1,'2021-09-08 06:04:33',1,'2021-09-08 06:04:33','ACTIVE','CreateRevisedOffer',NULL,NULL,0,NULL,NULL,0,NULL,'Save As Draft','Save & Next',1,NULL,NULL,NULL,NULL),(164,'REVIEW_REVISED_OFFER','Review Revised  Offer','Review Revised \r\nOffer',6,13.1,163,165,NULL,1,'2021-09-08 06:05:39',1,'2021-09-08 06:05:39','ACTIVE','ReviewRevisedCommercialOffer',NULL,NULL,0,NULL,NULL,0,NULL,'Save As Draft','Save & Next',1,NULL,NULL,NULL,NULL),(165,'VPC_APPROVAL_COMMERCIAL_OFFER\r\n','VPC Approval Commercial Offer','VPC Approval',6,13.2,164,166,NULL,1,'2021-09-08 06:06:50',1,'2021-09-08 06:06:50','ACTIVE','CommercialOfferApproval',NULL,NULL,0,NULL,NULL,0,NULL,'Save As Draft','Save & Next',1,NULL,NULL,NULL,NULL),(166,'CREATE_REVISED_COMMERCIAL_OFFER','Create revised  Commercial Offer','Create revised \r\nCommercial Offer',6,13.3,166,162,NULL,1,'2021-09-08 06:07:50',1,'2021-09-08 06:07:50','ACTIVE','CreateRevisedCommercialOffer',NULL,NULL,0,NULL,NULL,0,NULL,'Save As Draft','Save & Next',1,NULL,NULL,NULL,NULL),(167,'INPUT_ENGAGEMENT_PARAMETER','Input Engagement  Parameters ','Input Engagement \r\nParameters ',6,14,162,168,1,1,'2021-09-08 06:02:48',1,'2021-09-08 06:02:48','ACTIVE','InputEngagementParameters','function calling','inputEngagementParameter',0,NULL,NULL,0,NULL,'Save As Draft','Save & Next',1,'MULTIPLE','AUTO',NULL,NULL),(168,'GENERATE_CIF','Generate CIF','Generate CIF',6,15,167,169,NULL,1,'2021-09-14 10:48:00',1,'2021-09-14 10:48:00','ACTIVE','GenerateCIF',NULL,NULL,0,NULL,NULL,0,NULL,'Save As Draft','Save & Next',1,NULL,NULL,NULL,NULL),(169,'REVIEW_FINALIZE_CONTRACT','Review & Finalize  Contract','Review & Finalize \r\nContract',6,15.1,168,172,1,1,'2021-09-14 10:50:10',1,'2021-09-14 10:50:10','ACTIVE','ReviewAndFinalizeCIF',NULL,'isSofVPCApproved',0,NULL,NULL,0,NULL,'Save As Draft','Save & Next',0,'SINGLE','AUTO',NULL,NULL),(170,'GENERATE_SOF','Generate SOF','Generate SOF',6,16,167,171,NULL,1,'2021-09-14 11:20:58',1,'2021-09-14 11:20:58','ACTIVE','GenerateSOF',NULL,NULL,0,NULL,NULL,0,NULL,'Save As Draft','Save & Next',0,NULL,NULL,NULL,NULL),(171,'VPC_APPROVAL_SOF','VPC Approval (SOF)','VPC Approval (SOF)',6,16.1,170,172,1,1,'2021-09-14 11:21:36',1,'2021-09-14 11:21:36','ACTIVE','VPCApprovalSOF',NULL,'isContractFinalLegal',0,NULL,NULL,0,NULL,'Save As Draft','Save & Next',1,'SINGLE','AUTO',NULL,NULL),(172,'VPF_APPROVAL_CONTRACT_SOF','VPF Approval  (Contract + SOF)','VPF Approval \r\n(Contract + SOF)',6,17,171,173,NULL,1,'2021-09-14 11:23:11',1,'2021-09-14 11:23:11','ACTIVE','VPFApprovalSOFCIF',NULL,NULL,0,NULL,NULL,0,NULL,'Save As Draft','Save & Next',1,NULL,NULL,NULL,NULL),(173,'PRESENT_CONTRACT_SOF_CUSTOMER\r\n','Present Contract/ SOF to the Customer','Present Contract/\r\nSOF to the Customer\r\n',6,18,NULL,174,NULL,1,'2021-09-14 11:24:11',NULL,'2021-09-14 11:24:11','ACTIVE','PresentSOFAndContract',NULL,NULL,0,NULL,NULL,0,NULL,'Save As Draft','Save & Next',1,NULL,NULL,NULL,NULL),(174,'UPLOAD_SIGNED_DOCS','Upload Signed Docs','Upload Signed Docs\r\n(Countersign \r\nDocuments (VPC)\r\nCountersign \r\nDocuments (VPF)\r\n)',6,19,173,472,NULL,1,'2021-10-04 09:44:34',1,'2021-10-04 09:44:34','ACTIVE','UploadSignedDocs',NULL,NULL,1,'Send Back',NULL,0,NULL,'Save As Draft','Proceed',0,NULL,NULL,NULL,NULL),(175,'SEGMENT_LEAD_REVIEW_AND_COMMENT','Review & Comment','Review & Comment by Segment Lead',7,1,73,176,NULL,1,'2022-01-12 06:09:36',NULL,NULL,'ACTIVE','SegmentReviewAndComment',NULL,NULL,0,NULL,NULL,0,NULL,'Save As Draft','Save & Next',0,NULL,NULL,NULL,NULL),(176,'COPS_VALIDATION','Validate Termination Request','Validate Termination Request',7,2,175,177,NULL,1,'2022-01-12 06:09:36',NULL,NULL,'ACTIVE','CommercialValidateTermination',NULL,NULL,1,NULL,NULL,0,NULL,'Save As Draft','Validate & Proceed',0,NULL,NULL,'fa fa-check-circle',NULL),(177,'VPC_APPROVAL_TERMINATION','VPC Approval','Approve Termination Request',7,3,176,NULL,1,1,'2022-01-12 06:09:36',NULL,NULL,'ACTIVE','VPCApprovalTermination',NULL,'wf2600_termination_vpc_approved',1,NULL,NULL,0,NULL,'Save As Draft','Approve & Proceed',0,NULL,'AUTO','fa fa-check-circle',NULL),(178,'VERIFY_AND_OBTAIN_FEEDBACK_FROM_CUSTOMER','Verify & Obtain Feedback From Customer','Verify & Obtain Feedback From Customer',7,4,177,179,NULL,1,'2022-01-12 06:09:36',NULL,NULL,'ACTIVE','FeedbackFromCustomer',NULL,NULL,0,NULL,NULL,0,NULL,'Save As Draft','Save & Next',1,NULL,NULL,NULL,NULL),(179,'COPS_APPROVE_TERMINATION','Approve Termination','Approve this change request for termination of the circuit.',7,5,178,NULL,1,1,'2022-01-12 06:09:36',NULL,NULL,'ACTIVE','CommercialApproveTermination',NULL,'wf2600_on_cops_approval_termination',1,NULL,NULL,0,NULL,'Save As Draft','Approve & Proceed',0,NULL,'AUTO','fa fa-check-circle',NULL),(180,'IP_TERMINATE_CIRCUIT','IP terminate circuit','IP terminate circuit',7,6,179,184,NULL,1,'2022-01-12 06:09:36',NULL,NULL,'ACTIVE','TerminateCircuit',NULL,NULL,0,NULL,NULL,0,NULL,'Save As Draft','Save & Next',1,NULL,NULL,NULL,NULL),(181,'TX_TERMINATE_CIRCUIT','TX terminate circuit','TX terminate circuit',7,6,179,184,NULL,1,'2022-01-12 06:09:36',NULL,NULL,'ACTIVE','TerminateCircuit',NULL,NULL,0,NULL,NULL,0,NULL,'Save As Draft','Save & Next',1,NULL,NULL,NULL,NULL),(182,'NOC_TERMINATE_CIRCUIT','Noc terminate circuit','Noc terminate circuit',7,6,179,184,NULL,1,'2022-01-12 06:09:36',NULL,NULL,'ACTIVE','TerminateCircuit',NULL,NULL,0,NULL,NULL,0,NULL,'Save As Draft','Save & Next',1,NULL,NULL,NULL,NULL),(183,'ACCESS_TERMINATE_CIRCUIT','Access terminate circuit','Access terminate circuit',7,6,179,184,NULL,1,'2022-01-12 06:09:36',NULL,NULL,'ACTIVE','TerminateCircuit',NULL,NULL,0,NULL,NULL,0,NULL,'Save As Draft','Save & Next',1,NULL,NULL,NULL,NULL),(184,'TAC_INFORM_CUSTOMER','Inform Customer','Inform Customer about Circuit Termination',7,7,NULL,185,NULL,1,'2022-01-12 06:09:36',NULL,NULL,'ACTIVE','InformCustomer',NULL,NULL,0,NULL,NULL,0,NULL,'Save As Draft','Save & Next',1,NULL,NULL,NULL,NULL),(185,'SHARE_NOTIFICATION','Share notification ','Share notification about circuit termination with C-Ops, Finance & TAC',7,8,184,NULL,NULL,1,'2022-01-12 06:09:36',NULL,NULL,'ACTIVE','ShareNotification',NULL,NULL,0,NULL,NULL,0,NULL,'Save As Draft','Send Notification & Complete Request',1,NULL,NULL,'fa fa-paper-plane',1),(456,'SEGMENT_REVIEW_AND_COMMENT','Review & Comment','Review this change request for Renewal and also comment.',8,1,NULL,502,NULL,1,'2022-01-13 06:55:54',1,'2022-01-13 06:55:54','ACTIVE','SegmentReviewAndComment',NULL,NULL,0,NULL,NULL,0,NULL,'Save As Draft','Save & Next',1,NULL,NULL,NULL,NULL),(472,'UPDATE_CIRCUIT','Update Circuit','Update existing Circuit for change-request',6,20,174,NULL,NULL,1,'2022-01-13 14:24:44',NULL,NULL,'ACTIVE','CreateCircuits','Update existing circuit only',NULL,1,'Send Back',NULL,0,NULL,'Save As Draft','Save & Next',1,NULL,NULL,NULL,1),(473,'PRESENT_COMMERCIAL_OFFER','Present Commercial  Offer','Present Commercial \r\nOffer to Customer',7,13,163,167,1,1,'2021-09-08 05:59:06',1,'2021-09-08 05:59:06','ACTIVE','PresentCommercialOffer','send in tracking api\r\n\"true\"\r\n\"false\"',NULL,1,'Send Back',NULL,0,NULL,'Save As Draft','Save & Next',0,'SINGLE','MANUAL',NULL,NULL),(474,'RECOMMEND_REVISED_OFFER','Recommend Revised  Offer','Recommend Revised \r\nOffe',7,9,177,475,NULL,1,'2021-09-08 06:04:33',1,'2021-09-08 06:04:33','ACTIVE','CreateRevisedOffer',NULL,NULL,0,NULL,NULL,0,NULL,'Save As Draft','Save & Next',1,NULL,NULL,NULL,NULL),(475,'REVIEW_REVISED_OFFER','Review Revised  Offer','Review Revised \r\nOffer',7,10,474,476,NULL,1,'2021-09-08 06:05:39',1,'2021-09-08 06:05:39','ACTIVE','ReviewRevisedCommercialOffer',NULL,NULL,0,NULL,NULL,0,NULL,'Save As Draft','Save & Next',1,NULL,NULL,NULL,NULL),(476,'VPC_APPROVAL_COMMERCIAL_OFFER\r\n','VPC Approval Commercial Offer','VPC Approval',7,11,475,477,NULL,1,'2021-09-08 06:06:50',1,'2021-09-08 06:06:50','ACTIVE','CommercialOfferApproval',NULL,NULL,0,NULL,NULL,0,NULL,'Save As Draft','Save & Next',1,NULL,NULL,NULL,NULL),(477,'CREATE_REVISED_COMMERCIAL_OFFER','Create revised  Commercial Offer','Create revised \r\nCommercial Offer',7,12,476,478,NULL,1,'2021-09-08 06:07:50',1,'2021-09-08 06:07:50','ACTIVE','CreateRevisedCommercialOffer',NULL,NULL,0,NULL,NULL,0,NULL,'Save As Draft','Save & Next',1,NULL,NULL,NULL,NULL),(478,'INPUT_ENGAGEMENT_PARAMETER','Input Engagement  Parameters ','Input Engagement \r\nParameters ',7,14,477,479,1,1,'2021-09-08 06:02:48',1,'2021-09-08 06:02:48','ACTIVE','InputEngagementParameters','function calling','inputEngagementParameter',0,NULL,NULL,0,NULL,'Save As Draft','Save & Next',1,'MULTIPLE','AUTO',NULL,NULL),(479,'GENERATE_CIF','Generate CIF','Generate CIF',7,15,478,480,NULL,1,'2021-09-14 10:48:00',1,'2021-09-14 10:48:00','ACTIVE','GenerateCIF',NULL,NULL,0,NULL,NULL,0,NULL,'Save As Draft','Save & Next',1,NULL,NULL,NULL,NULL),(480,'REVIEW_FINALIZE_CONTRACT','Review & Finalize  Contract','Review & Finalize \r\nContract',7,15.1,479,483,1,1,'2021-09-14 10:50:10',1,'2021-09-14 10:50:10','ACTIVE','ReviewAndFinalizeCIF',NULL,'isSofVPCApproved',0,NULL,NULL,0,NULL,'Save As Draft','Save & Next',0,'SINGLE','AUTO',NULL,NULL),(481,'GENERATE_SOF','Generate SOF','Generate SOF',7,16,478,482,NULL,1,'2021-09-14 11:20:58',1,'2021-09-14 11:20:58','ACTIVE','GenerateSOF',NULL,NULL,0,NULL,NULL,0,NULL,'Save As Draft','Save & Next',0,NULL,NULL,NULL,NULL),(482,'VPC_APPROVAL_SOF','VPC Approval (SOF)','VPC Approval (SOF)',7,16.1,481,483,1,1,'2021-09-14 11:21:36',1,'2021-09-14 11:21:36','ACTIVE','VPCApprovalSOF',NULL,'isContractFinalLegal',0,NULL,NULL,0,NULL,'Save As Draft','Save & Next',1,'SINGLE','AUTO',NULL,NULL),(483,'VPF_APPROVAL_CONTRACT_SOF','VPF Approval  (Contract + SOF)','VPF Approval \r\n(Contract + SOF)',7,17,482,484,NULL,1,'2021-09-14 11:23:11',1,'2021-09-14 11:23:11','ACTIVE','VPFApprovalSOFCIF',NULL,NULL,0,NULL,NULL,0,NULL,'Save As Draft','Save & Next',1,NULL,NULL,NULL,NULL),(484,'PRESENT_CONTRACT_SOF_CUSTOMER\r\n','Present Contract/ SOF to the Customer','Present Contract/\r\nSOF to the Customer\r\n',7,18,NULL,485,NULL,1,'2021-09-14 11:24:11',NULL,'2021-09-14 11:24:11','ACTIVE','PresentSOFAndContract',NULL,NULL,0,NULL,NULL,0,NULL,'Save As Draft','Save & Next',1,NULL,NULL,NULL,NULL),(485,'UPLOAD_SIGNED_DOCS','Upload Signed Docs','Upload Signed Docs\r\n(Countersign \r\nDocuments (VPC)\r\nCountersign \r\nDocuments (VPF)\r\n)',7,19,484,486,NULL,1,'2021-10-04 09:44:34',1,'2021-10-04 09:44:34','ACTIVE','UploadSignedDocs',NULL,NULL,1,'Send Back',NULL,0,NULL,'Save As Draft','Proceed',0,NULL,NULL,NULL,NULL),(486,'UPDATE_CIRCUIT','Update Circuit','Update existing Circuit for change-request',7,20,485,NULL,NULL,1,'2022-01-13 14:24:44',NULL,NULL,'ACTIVE','CreateCircuits','Update existing circuit only',NULL,1,'Send Back',NULL,0,NULL,'Save As Draft','Save & Next',1,NULL,NULL,NULL,1),(489,'DEVELOP_STRATEGY','Develop Strategy','Develop CRF',8,2,74,492,NULL,NULL,'2021-12-21 10:09:37',NULL,'2021-12-21 10:09:37','ACTIVE','DevelopStrategy',NULL,NULL,1,'Send Back',NULL,0,NULL,'Save As Draft','Save & Next',0,NULL,NULL,NULL,NULL),(490,'SELECT_BEST_LM','Select Best LM','Select best LM \r\nOption(s)\r\n',8,5,492,493,NULL,NULL,'2021-12-21 10:09:37',NULL,'2021-12-21 10:09:37','ACTIVE','SelectBestLM',NULL,NULL,1,'Send Back',NULL,0,NULL,'Save As Draft','Save & Next',0,NULL,NULL,NULL,NULL),(491,'COMMERCIAL_OFFER','First Commercial Offer','Create Commercial \r\nOffer',8,11,500,501,NULL,NULL,'2021-12-21 10:09:37',NULL,'2021-12-21 10:09:37','ACTIVE','FirstCommercialOffer',NULL,NULL,0,NULL,NULL,0,NULL,'Save As Draft','Save & Next',0,NULL,NULL,NULL,NULL),(492,'LAST_MILE','Provide LM List','Access to Provide \r\nshortlisted LMPs on \r\ntechnical solution',8,3,489,499,NULL,NULL,'2021-12-21 10:09:37',NULL,'2021-12-21 10:09:37','ACTIVE','LastMile',NULL,NULL,1,'Send Back',NULL,0,NULL,'Save As Draft','Save & Next',0,NULL,NULL,NULL,NULL),(493,'PRE_SALES','Create Solution Design','Create Solution \r\nDesign\r\n',8,6,490,494,1,NULL,'2021-12-21 10:09:37',NULL,'2021-12-21 10:09:37','ACTIVE','CreateSolutionDesign','function calling','createSolutionDesign',1,'Send Back',NULL,0,NULL,'Save As Draft','Save & Next',0,'MULTIPLE','AUTO',NULL,NULL),(494,'TX_VALIDATION','TX Validation','Tx – Validate \r\nSolution\r\n',8,7,493,495,NULL,NULL,'2021-12-21 10:09:37',NULL,'2021-12-21 10:09:37','ACTIVE','TXValidation',NULL,NULL,0,NULL,NULL,0,NULL,'Save As Draft','Save & Next',1,NULL,NULL,NULL,NULL),(495,'NOC_VALIDATION','NOC Validation','NOC – Validate \r\nSolution',8,8,494,496,NULL,NULL,'2021-12-21 10:09:37',NULL,'2021-12-21 10:09:37','ACTIVE','NOCValidation',NULL,NULL,1,'Send Back',NULL,0,NULL,'Save As Draft','Save & Next',1,NULL,NULL,NULL,NULL),(496,'IP_VALIDATION','IP Validation','IP – Validate \r\nSolution\r\n',8,9,495,497,1,NULL,'2021-12-21 10:09:37',NULL,'2021-12-21 10:09:37','ACTIVE','IPValidation','function calling','ipValidation',0,NULL,NULL,0,NULL,'Save As Draft','Save & Next',1,'SINGLE','AUTO',NULL,NULL),(497,'PRICE_VALIDATION','Segment - Price Validation','Solution Price \r\nValidation - Segment Lead',8,10.5,496,491,NULL,NULL,'2021-12-21 10:09:37',NULL,'2021-12-21 10:09:37','ACTIVE','PriceValidation',NULL,NULL,0,NULL,493,1,'Technical Revision ','Save As Draft','Save & Next',0,NULL,NULL,NULL,NULL),(498,'CIRCUIT_CREATION','Update Circuit','Update existing Circuit for change-request',8,20,513,514,NULL,1,'2021-12-21 10:09:37',NULL,'2021-12-21 10:09:37','ACTIVE','CreateCircuits','Update existing circuit only',NULL,1,'Send Back',NULL,0,NULL,'Save As Draft','Save & Next',1,NULL,NULL,NULL,NULL),(499,'NEGOTIATE_LM_QUOTES','Negotiate LM Quotes','Negotiate and get \r\nQuotations from \r\nLMP',8,4,492,490,NULL,NULL,'2021-12-21 10:09:37',NULL,'2021-12-21 10:09:37','ACTIVE','NegotiateLMQuotes',NULL,NULL,1,'Send Back',NULL,0,NULL,'Save As Draft','Save & Next',0,NULL,NULL,NULL,NULL),(500,'COPS_PRICE_VALIDATION','COPs - Price Validation','Cops-Solution Price \r\nValidation',8,10,493,491,NULL,1,'2021-12-21 10:09:37',1,'2021-12-21 10:09:37','ACTIVE','PriceValidation',NULL,NULL,0,NULL,493,1,'Technical Revision ','Save As Draft','Save & Next',0,NULL,NULL,NULL,NULL),(501,'PRESENT_COMMERCIAL_OFFER','Present Commercial  Offer','Present Commercial \r\nOffer to Customer',8,12,491,502,1,1,'2021-12-21 10:09:37',1,'2021-12-21 10:09:37','ACTIVE','PresentCommercialOffer','send in tracking api\r\n\"true\"\r\n\"false\"',NULL,1,'Send Back',489,1,'Technical Revision ','Save As Draft','Save & Next',0,'SINGLE','MANUAL',NULL,NULL),(502,'INPUT_ENGAGEMENT_PARAMETER','Input Engagement  Parameters ','Input Engagement \r\nParameters ',8,14,501,507,1,1,'2021-12-21 10:09:37',1,'2021-12-21 10:09:37','ACTIVE','InputEngagementParameters','function calling','inputEngagementParameter',0,NULL,NULL,0,NULL,'Save As Draft','Save & Next',1,'MULTIPLE','AUTO',NULL,NULL),(503,'RECOMMEND_REVISED_OFFER','Recommend Revised  Offer','Recommend Revised \r\nOffe',8,13,501,504,NULL,1,'2021-12-21 10:09:37',1,'2021-12-21 10:09:37','ACTIVE','RecommendRevisedCommercialOffer',NULL,NULL,0,NULL,NULL,0,NULL,'Save As Draft','Save & Next',1,NULL,NULL,NULL,NULL),(504,'REVIEW_REVISED_OFFER','Review Revised  Offer','Review Revised \r\nOffer',8,13.1,503,505,NULL,1,'2021-12-21 10:09:37',1,'2021-12-21 10:09:37','ACTIVE','ReviewRevisedCommercialOffer',NULL,NULL,0,NULL,NULL,0,NULL,'Save As Draft','Save & Next',1,NULL,NULL,NULL,NULL),(505,'VPC_APPROVAL_COMMERCIAL_OFFER\r\n','VPC Approval Commercial Offer','VPC Approval',8,13.2,504,506,NULL,1,'2021-12-21 10:09:37',1,'2021-12-21 10:09:37','ACTIVE','CommercialOfferApproval',NULL,NULL,0,NULL,NULL,0,NULL,'Save As Draft','Save & Next',1,NULL,NULL,NULL,NULL),(506,'CREATE_REVISED_COMMERCIAL_OFFER','Create revised  Commercial Offer','Create revised \r\nCommercial Offer',8,13.3,505,501,NULL,1,'2021-12-21 10:09:37',1,'2021-12-21 10:09:37','ACTIVE','CreateRevisedCommercialOffer',NULL,NULL,0,NULL,NULL,0,NULL,'Save As Draft','Save & Next',1,NULL,NULL,NULL,NULL),(507,'GENERATE_CIF','Generate CIF','Generate CIF',8,15,502,508,NULL,1,'2021-12-21 10:09:37',1,'2021-12-21 10:09:37','ACTIVE','GenerateCIF',NULL,NULL,0,NULL,NULL,0,NULL,'Save As Draft','Save & Next',1,NULL,NULL,NULL,NULL),(508,'REVIEW_FINALIZE_CONTRACT','Review & Finalize  Contract','Review & Finalize \r\nContract',8,15.1,507,511,1,1,'2021-12-21 10:09:37',1,'2021-12-21 10:09:37','ACTIVE','ReviewAndFinalizeCIF',NULL,'isSofVPCApproved',0,NULL,NULL,0,NULL,'Save As Draft','Save & Next',0,'SINGLE','AUTO',NULL,NULL),(509,'GENERATE_SOF','Generate SOF','Generate SOF',8,16,502,510,NULL,1,'2021-12-21 10:09:37',1,'2021-12-21 10:09:37','ACTIVE','GenerateSOF',NULL,NULL,0,NULL,NULL,0,NULL,'Save As Draft','Save & Next',0,NULL,NULL,NULL,NULL),(510,'VPC_APPROVAL_SOF','VPC Approval (SOF)','VPC Approval (SOF)',8,16.1,509,511,1,1,'2021-12-21 10:09:37',1,'2021-12-21 10:09:37','ACTIVE','VPCApprovalSOF',NULL,'isContractFinalLegal',0,NULL,NULL,0,NULL,'Save As Draft','Save & Next',1,'SINGLE','AUTO',NULL,NULL),(511,'VPF_APPROVAL_CONTRACT_SOF','VPF Approval  (Contract + SOF)','VPF Approval \r\n(Contract + SOF)',8,17,NULL,512,NULL,1,'2021-12-21 10:09:37',1,'2021-12-21 10:09:37','ACTIVE','VPFApprovalSOFCIF',NULL,NULL,0,NULL,NULL,0,NULL,'Save As Draft','Save & Next',1,NULL,NULL,NULL,NULL),(512,'PRESENT_CONTRACT_SOF_CUSTOMER\r\n','Present Contract/ SOF to the Customer','Present Contract/\r\nSOF to the Customer\r\n',8,18,511,513,NULL,1,'2021-12-21 10:09:37',NULL,'2021-12-21 10:09:37','ACTIVE','PresentSOFAndContract',NULL,NULL,0,NULL,NULL,0,NULL,'Save As Draft','Save & Next',1,NULL,NULL,NULL,NULL),(513,'UPLOAD_SIGNED_DOCS','Upload Signed Docs','Upload Signed Docs\r\n(Countersign \r\nDocuments (VPC)\r\nCountersign \r\nDocuments (VPF)\r\n)',8,19,512,514,1,1,'2021-12-21 10:09:37',1,'2021-12-21 10:09:37','ACTIVE','UploadSignedDocs',NULL,'wf2700_after_upload_signed_docs',1,'Send Back',NULL,0,NULL,'Save As Draft','Proceed',0,'SINGLE','AUTO',NULL,NULL),(514,'CREATE_LM_ORDERS','Create LM Orders','Create LM-Orders for LM-Quotes finalized against each CRF of particular Circuit',8,22,513,515,NULL,1,'2021-12-21 10:09:37',NULL,'2021-12-21 10:09:37','ACTIVE','CreateLMOrders',NULL,NULL,1,'Send Back',NULL,0,NULL,'Save As Draft','Save & Next',1,NULL,NULL,NULL,NULL),(515,'REVALIDATE_TECHNICAL_LM_PROPOSAL','Revalidate LM  proposal','Access – Revalidate \r\ntechnical LM \r\nproposal',8,23,514,516,NULL,1,'2021-12-21 10:09:37',1,'2021-12-21 10:09:37','ACTIVE','RevalidateLMProposal',NULL,NULL,1,'Send Back',NULL,0,NULL,'Save As Draft','Save & Next',1,NULL,NULL,NULL,NULL),(516,'PRICE_NEGOTIATION_PRC','Price Negotiation  (PRC)','Price Negotiation for LM Orders\r\n(PRC)',8,24,515,517,NULL,1,'2021-12-21 10:09:37',1,'2021-12-21 10:09:37','ACTIVE','NegotiateLMOrders',NULL,NULL,1,'Send Back',NULL,0,NULL,'Save As Draft','Save & Next',0,NULL,NULL,NULL,NULL),(517,'TRANSFER_TO_SAP','Transfer LM Orders to SAP','Generate LM Order\r\n& transfer to SAP',8,25,516,518,NULL,1,'2021-12-21 10:09:37',1,'2021-12-21 10:09:37','ACTIVE','TransferToSAP',NULL,NULL,1,'Send Back',NULL,0,NULL,'Save As Draft','Save & Next',0,NULL,NULL,NULL,NULL),(518,'DEPLOY_LMS\r\n','Deploy LMs','Deploy LMs (Access) \r\n+ provide \r\nconfirmation to IP\r\n',8,26,517,519,NULL,1,'2021-12-21 10:09:37',1,'2021-12-21 10:09:37','ACTIVE','DeployLM',NULL,NULL,1,'Send Back',NULL,0,NULL,'Save As Draft','Save & Next',0,NULL,NULL,NULL,NULL),(519,'IP_CONFIGURE_SERVICE','IP Configure Service Provisioning','IP – Configure \r\nService Provisioning ',8,27,518,520,NULL,1,'2021-12-21 10:09:37',1,'2021-12-21 10:09:37','ACTIVE','IpConfigureService',NULL,NULL,1,'SEND BACK',NULL,0,NULL,'Save As Draft','Save & Next',1,NULL,NULL,NULL,NULL),(520,'TAC_CONDUCT','TAC – Conduct Testing','TAC – Conduct \r\nTesting/BW \r\nThroughput',8,28,519,521,NULL,NULL,'2021-12-21 10:09:37',NULL,'2021-12-21 10:09:37','ACTIVE','TACConductTesting',NULL,NULL,1,'SEND BACK',NULL,0,NULL,'Save As Draft','Save & Next',0,NULL,NULL,NULL,NULL),(521,'CONFIRM_CIRCUIT','Confirm Circuit Activation Date','Confirm Circuit \r\nActivation Date + \r\nOther details \r\n(Prefixes etc.) to IP \r\nTeam',8,29,520,522,NULL,NULL,'2021-12-21 10:09:37',NULL,'2021-12-21 10:09:37','ACTIVE','ConfirmCircuitActivation',NULL,NULL,1,'SEND BACK',NULL,0,NULL,'Save As Draft','Save & Next',0,NULL,NULL,NULL,NULL),(522,'VPE_APPROVAL','Approve Circuits Activation','VPE Circuits Activation Approval',8,30,521,523,NULL,1,'2021-12-21 10:09:37',1,'2021-12-21 10:09:37','ACTIVE','VPECircuitActivationApproval',NULL,NULL,1,'SEND BACK',NULL,0,NULL,'Save As Draft','Save & Next',0,NULL,NULL,NULL,NULL),(523,'ACTIVATE_CIRCUIT','Activate Circuits','Activate Circuit + \r\nShare IP details with \r\nC-Ops',8,31,522,524,NULL,1,'2021-12-21 10:09:37',1,'2021-12-21 10:09:37','ACTIVE','ActivateCircuit',NULL,NULL,1,'SEND BACK',NULL,0,NULL,'Save As Draft','Save & Next',1,NULL,NULL,NULL,NULL),(524,'SHARE_NOTIFICATION','Share notification','Share notification \r\nwith C-Ops, IP \r\nFinance & TAC\r\n',8,32,523,525,NULL,1,'2021-12-21 10:09:37',1,'2021-12-21 10:09:37','ACTIVE','ShareActivationNotification',NULL,NULL,1,'SEND BACK',NULL,0,NULL,'Save As Draft','Send Notification & Proceed',0,NULL,NULL,'fa fa-paper-plane',NULL),(525,'POST_ACTIVATION_DETAILS','Post Activation  Details','Post Activation \r\nDetails',8,33,524,NULL,NULL,NULL,'2021-12-21 10:09:37',NULL,'2021-12-21 10:09:37','ACTIVE','PostActivationDetails',NULL,NULL,1,'SEND BACK',NULL,0,NULL,'Save As Draft','Complete Change Request',0,NULL,NULL,'fa fa-check-circle',1),(552,'INITIATE_LEAD_KILL','Initiate lead kill','To Initiate Kill Lead request you must pick termination reason from given',10,1,NULL,64,NULL,NULL,NULL,NULL,NULL,'ACTIVE','InitiateKillLeadByCOPS',NULL,NULL,0,NULL,NULL,0,NULL,'Save As Draft','Save & Next',0,NULL,NULL,NULL,NULL),(554,'UPDATE_CIRCUIT_FLAT_RENEWAL','Update Circuit (Flat Renewal)','Update existing Circuit for change-request',8,20,513,NULL,NULL,1,'2021-12-21 10:09:37',NULL,'2021-12-21 10:09:37','ACTIVE','CreateCircuits','Update existing circuit only',NULL,1,'Send Back',NULL,0,NULL,'Save As Draft','Complete Change Request',1,NULL,NULL,'fa fa-check-circle',1),(555,'DEVELOP_STRATEGY','Develop Strategy','Develop CRF',6,2,160,558,NULL,NULL,'2021-12-21 10:09:37',NULL,'2021-12-21 10:09:37','ACTIVE','DevelopStrategy',NULL,NULL,1,'Send Back',NULL,0,NULL,'Save As Draft','Save & Next',0,NULL,NULL,NULL,NULL),(556,'SELECT_BEST_LM','Select Best LM','Select best LM \r\nOption(s)\r\n',6,5,564,559,NULL,NULL,'2021-12-21 10:09:37',NULL,'2021-12-21 10:09:37','ACTIVE','SelectBestLM',NULL,NULL,1,'Send Back',NULL,0,NULL,'Save As Draft','Save & Next',0,NULL,NULL,NULL,NULL),(557,'COMMERCIAL_OFFER','First Commercial Offer','Create Commercial \r\nOffer',6,11,500,501,NULL,NULL,'2021-12-21 10:09:37',NULL,'2021-12-21 10:09:37','ACTIVE','FirstCommercialOffer',NULL,NULL,0,NULL,NULL,0,NULL,'Save As Draft','Save & Next',0,NULL,NULL,NULL,NULL),(558,'LAST_MILE','Provide LM List','Access to Provide \r\nshortlisted LMPs on \r\ntechnical solution',6,3,555,564,NULL,NULL,'2021-12-21 10:09:37',NULL,'2021-12-21 10:09:37','ACTIVE','LastMile',NULL,NULL,1,'Send Back',NULL,0,NULL,'Save As Draft','Save & Next',0,NULL,NULL,NULL,NULL),(559,'PRE_SALES','Create Solution Design','Create Solution \r\nDesign\r\n',6,6,556,560,1,NULL,'2021-12-21 10:09:37',NULL,'2021-12-21 10:09:37','ACTIVE','CreateSolutionDesign','function calling','createSolutionDesign',1,'Send Back',NULL,0,NULL,'Save As Draft','Save & Next',0,'MULTIPLE','AUTO',NULL,NULL),(560,'TX_VALIDATION','TX Validation','Tx – Validate \r\nSolution\r\n',6,7,559,561,NULL,NULL,'2021-12-21 10:09:37',NULL,'2021-12-21 10:09:37','ACTIVE','TXValidation',NULL,NULL,0,NULL,NULL,0,NULL,'Save As Draft','Save & Next',1,NULL,NULL,NULL,NULL),(561,'NOC_VALIDATION','NOC Validation','NOC – Validate \r\nSolution',6,8,560,562,NULL,NULL,'2021-12-21 10:09:37',NULL,'2021-12-21 10:09:37','ACTIVE','NOCValidation',NULL,NULL,1,'Send Back',NULL,0,NULL,'Save As Draft','Save & Next',1,NULL,NULL,NULL,NULL),(562,'IP_VALIDATION','IP Validation','IP – Validate \r\nSolution\r\n',6,9,561,563,1,NULL,'2021-12-21 10:09:37',NULL,'2021-12-21 10:09:37','ACTIVE','IPValidation','function calling','ipValidation',0,NULL,NULL,0,NULL,'Save As Draft','Save & Next',1,'SINGLE','AUTO',NULL,NULL),(563,'PRICE_VALIDATION','Segment - Price Validation','Solution Price \r\nValidation - Segment Lead',6,10.5,562,557,NULL,NULL,'2021-12-21 10:09:37',NULL,'2021-12-21 10:09:37','ACTIVE','PriceValidation',NULL,NULL,0,NULL,493,1,'Technical Revision ','Save As Draft','Save & Next',0,NULL,NULL,NULL,NULL),(564,'NEGOTIATE_LM_QUOTES','Negotiate LM Quotes','Negotiate and get \r\nQuotations from \r\nLMP',6,4,558,556,NULL,NULL,'2021-12-21 10:09:37',NULL,'2021-12-21 10:09:37','ACTIVE','NegotiateLMQuotes',NULL,NULL,1,'Send Back',NULL,0,NULL,'Save As Draft','Save & Next',0,NULL,NULL,NULL,NULL),(565,'COPS_PRICE_VALIDATION','COPs - Price Validation','Cops-Solution Price \r\nValidation',6,10,559,557,NULL,1,'2021-12-21 10:09:37',1,'2021-12-21 10:09:37','ACTIVE','PriceValidation',NULL,NULL,0,NULL,493,1,'Technical Revision ','Save As Draft','Save & Next',0,NULL,NULL,NULL,NULL),(566,'PRESENT_COMMERCIAL_OFFER','Present Commercial  Offer','Present Commercial \r\nOffer to Customer',6,12,557,167,1,1,'2021-12-21 10:09:37',1,'2021-12-21 10:09:37','ACTIVE','PresentCommercialOffer','send in tracking api\r\n\"true\"\r\n\"false\"',NULL,1,'Send Back',489,1,'Technical Revision ','Save As Draft','Save & Next',0,'SINGLE','MANUAL',NULL,NULL),(570,'DEVELOP_STRATEGY','Develop Strategy','Develop CRF',7,2,177,573,NULL,NULL,'2021-12-21 10:09:37',NULL,'2021-12-21 10:09:37','ACTIVE','DevelopStrategy',NULL,NULL,1,'Send Back',NULL,0,NULL,'Save As Draft','Save & Next',0,NULL,NULL,NULL,NULL),(571,'SELECT_BEST_LM','Select Best LM','Select best LM \r\nOption(s)\r\n',7,5,579,574,NULL,NULL,'2021-12-21 10:09:37',NULL,'2021-12-21 10:09:37','ACTIVE','SelectBestLM',NULL,NULL,1,'Send Back',NULL,0,NULL,'Save As Draft','Save & Next',0,NULL,NULL,NULL,NULL),(572,'COMMERCIAL_OFFER','First Commercial Offer','Create Commercial \r\nOffer',7,11,500,501,NULL,NULL,'2021-12-21 10:09:37',NULL,'2021-12-21 10:09:37','ACTIVE','FirstCommercialOffer',NULL,NULL,0,NULL,NULL,0,NULL,'Save As Draft','Save & Next',0,NULL,NULL,NULL,NULL),(573,'LAST_MILE','Provide LM List','Access to Provide \r\nshortlisted LMPs on \r\ntechnical solution',7,3,570,579,NULL,NULL,'2021-12-21 10:09:37',NULL,'2021-12-21 10:09:37','ACTIVE','LastMile',NULL,NULL,1,'Send Back',NULL,0,NULL,'Save As Draft','Save & Next',0,NULL,NULL,NULL,NULL),(574,'PRE_SALES','Create Solution Design','Create Solution \r\nDesign\r\n',7,6,571,575,1,NULL,'2021-12-21 10:09:37',NULL,'2021-12-21 10:09:37','ACTIVE','CreateSolutionDesign','function calling','createSolutionDesign',1,'Send Back',NULL,0,NULL,'Save As Draft','Save & Next',0,'MULTIPLE','AUTO',NULL,NULL),(575,'TX_VALIDATION','TX Validation','Tx – Validate \r\nSolution\r\n',7,7,574,576,NULL,NULL,'2021-12-21 10:09:37',NULL,'2021-12-21 10:09:37','ACTIVE','TXValidation',NULL,NULL,0,NULL,NULL,0,NULL,'Save As Draft','Save & Next',1,NULL,NULL,NULL,NULL),(576,'NOC_VALIDATION','NOC Validation','NOC – Validate \r\nSolution',7,8,575,577,NULL,NULL,'2021-12-21 10:09:37',NULL,'2021-12-21 10:09:37','ACTIVE','NOCValidation',NULL,NULL,1,'Send Back',NULL,0,NULL,'Save As Draft','Save & Next',1,NULL,NULL,NULL,NULL),(577,'IP_VALIDATION','IP Validation','IP – Validate \r\nSolution\r\n',7,9,576,578,1,NULL,'2021-12-21 10:09:37',NULL,'2021-12-21 10:09:37','ACTIVE','IPValidation','function calling','ipValidation',0,NULL,NULL,0,NULL,'Save As Draft','Save & Next',1,'SINGLE','AUTO',NULL,NULL),(578,'PRICE_VALIDATION','Segment - Price Validation','Solution Price \r\nValidation - Segment Lead',7,10.5,577,572,NULL,NULL,'2021-12-21 10:09:37',NULL,'2021-12-21 10:09:37','ACTIVE','PriceValidation',NULL,NULL,0,NULL,493,1,'Technical Revision ','Save As Draft','Save & Next',0,NULL,NULL,NULL,NULL),(579,'NEGOTIATE_LM_QUOTES','Negotiate LM Quotes','Negotiate and get \r\nQuotations from \r\nLMP',7,4,573,571,NULL,NULL,'2021-12-21 10:09:37',NULL,'2021-12-21 10:09:37','ACTIVE','NegotiateLMQuotes',NULL,NULL,1,'Send Back',NULL,0,NULL,'Save As Draft','Save & Next',0,NULL,NULL,NULL,NULL),(580,'COPS_PRICE_VALIDATION','COPs - Price Validation','Cops-Solution Price \r\nValidation',7,10,574,572,NULL,1,'2021-12-21 10:09:37',1,'2021-12-21 10:09:37','ACTIVE','PriceValidation',NULL,NULL,0,NULL,493,1,'Technical Revision ','Save As Draft','Save & Next',0,NULL,NULL,NULL,NULL),(581,'PRESENT_COMMERCIAL_OFFER','Present Commercial  Offer','Present Commercial \r\nOffer to Customer',7,12,572,478,1,1,'2021-12-21 10:09:37',1,'2021-12-21 10:09:37','ACTIVE','PresentCommercialOffer','send in tracking api\r\n\"true\"\r\n\"false\"',NULL,1,'Send Back',489,1,'Technical Revision ','Save As Draft','Save & Next',0,'SINGLE','MANUAL',NULL,NULL),(585,'SHARE_COMMERCIAL_INVOICE_WITH_CUSTOMER','Share Invoices with Customer','Share Commercial Invoices with Customer',1,21.2,35,36,NULL,NULL,'2021-10-12 08:38:35',NULL,'2021-10-12 08:38:44','ACTIVE','ShareCommercialInvoiceWithCustomer',NULL,NULL,1,'Send Back',NULL,0,NULL,'Save As Draft','Share Invoices & Proceed',0,NULL,NULL,'fa fa-paper-plane',NULL),(586,'CREATE_BATCH','Create Batch','Create Invoicing Batch for selected circuits',13,1,NULL,591,NULL,1,'2022-02-23 12:45:26',NULL,NULL,'ACTIVE','CreateBatch',NULL,NULL,0,NULL,NULL,0,NULL,'Save As Draft','Create & Proceed',1,NULL,NULL,NULL,NULL),(587,'GENERATE_INVOICES','Generate Invoices','Generate Invoices for all batch items',13,2,591,588,NULL,1,'2022-02-23 12:45:26',NULL,NULL,'ACTIVE','GenerateInvoices',NULL,NULL,1,'Send Back',NULL,0,NULL,'Save As Draft','Generate Invoices & Proceed',0,NULL,NULL,NULL,NULL),(588,'REVIEW_VALIDATE_INVOICES','Review & Validate Invoices','Review & Validate Invoices',13,3,587,590,1,1,'2022-02-23 12:45:26',NULL,NULL,'ACTIVE','ReviewValidateInvoices','make decision depending on payload-value of is_discrepancy (true/false - string)',NULL,1,'Send Back',NULL,0,NULL,'Save As Draft','Proceed',0,'SINGLE','MANUAL',NULL,NULL),(590,'TRANSFER_INVOICES_TO_SAP','Transfer Invoices To SAP','Transfer Selected Invoices To SAP',13,5,588,NULL,NULL,1,'2022-02-23 12:45:26',NULL,NULL,'ACTIVE','TransferInvoicesToSap',NULL,NULL,1,'Send Back',NULL,0,NULL,'Save As Draft','Complete Transfer',0,NULL,NULL,NULL,1),(591,'FINALIZE_BATCH','Finalize Batch','Finalize Batch for Invoicing',13,1.1,586,587,NULL,1,'2022-02-23 12:45:26',NULL,NULL,'ACTIVE','FinalizeBatch',NULL,NULL,1,'Send Back',NULL,0,NULL,'Save As Draft','Finalize & Proceed',0,NULL,NULL,'fa fa-check-circle',NULL),(592,'MARK_FOR_CHANGE','Mark for Change Management','Mark Invoices for Change Management',13,3.1,588,593,NULL,1,'2022-02-23 12:45:26',NULL,NULL,'ACTIVE','MarkInvoicesForChange',NULL,NULL,1,'Send Back',NULL,0,NULL,'Save As Draft','Proceed',0,NULL,NULL,NULL,NULL),(593,'CONDUCT_CHANGE_MANAGEMENT','Conduct Change Management','Review & Conduct Required Change Management',13,3.2,588,590,NULL,1,'2022-02-23 12:45:26',NULL,NULL,'ACTIVE','ConductInvoicesChange',NULL,NULL,1,'Send Back',NULL,0,NULL,'Save As Draft','Proceed',0,NULL,NULL,NULL,NULL);
/*!40000 ALTER TABLE `workflow_stage` ENABLE KEYS */;
UNLOCK TABLES;

--
-- Table structure for table `workflow_stage_permission`
--

DROP TABLE IF EXISTS `workflow_stage_permission`;
/*!40101 SET @saved_cs_client     = @@character_set_client */;
/*!40101 SET character_set_client = utf8 */;
CREATE TABLE `workflow_stage_permission` (
  `id` int(11) NOT NULL AUTO_INCREMENT,
  `workflow_stage_id` int(11) DEFAULT NULL,
  `read_authority` tinyint(1) DEFAULT NULL,
  `action_authority` tinyint(1) DEFAULT NULL,
  `approval_authority` tinyint(1) DEFAULT NULL,
  `created_by` int(11) DEFAULT NULL,
  `creation_time` datetime DEFAULT NULL,
  `modified_by` int(11) DEFAULT NULL,
  `modified_time` datetime DEFAULT NULL,
  `role` varchar(100) NOT NULL,
  `record_status` enum('ACTIVE','INACTIVE','DRAFT','DELETED') NOT NULL DEFAULT 'ACTIVE',
  `sub_role` varchar(100) DEFAULT NULL,
  `workflow_id` int(11) DEFAULT NULL,
  PRIMARY KEY (`id`),
  KEY `workflow_stage_id` (`workflow_stage_id`),
  KEY `role` (`role`),
  KEY `sub_role` (`sub_role`),
  KEY `workflow_id` (`workflow_id`),
  CONSTRAINT `workflow_stage_permission_ibfk_1095` FOREIGN KEY (`workflow_stage_id`) REFERENCES `workflow_stage` (`id`) ON DELETE SET NULL ON UPDATE CASCADE,
  CONSTRAINT `workflow_stage_permission_ibfk_1096` FOREIGN KEY (`role`) REFERENCES `auth_item` (`name`),
  CONSTRAINT `workflow_stage_permission_ibfk_1097` FOREIGN KEY (`sub_role`) REFERENCES `auth_item` (`name`),
  CONSTRAINT `workflow_stage_permission_ibfk_1098` FOREIGN KEY (`workflow_id`) REFERENCES `workflow` (`id`)
) ENGINE=InnoDB AUTO_INCREMENT=333 DEFAULT CHARSET=latin1;
/*!40101 SET character_set_client = @saved_cs_client */;

--
-- Dumping data for table `workflow_stage_permission`
--

LOCK TABLES `workflow_stage_permission` WRITE;
/*!40000 ALTER TABLE `workflow_stage_permission` DISABLE KEYS */;
INSERT INTO `workflow_stage_permission` VALUES (1,1,1,1,NULL,NULL,'2021-08-09 08:21:05',NULL,NULL,'KAM','ACTIVE',NULL,1),(2,2,1,1,NULL,NULL,'2021-08-09 08:21:05',NULL,NULL,'KAM','ACTIVE',NULL,1),(3,3,1,1,NULL,NULL,'2021-08-09 08:21:05',NULL,NULL,'KAM','ACTIVE',NULL,1),(4,4,1,1,NULL,NULL,'2021-08-09 08:21:05',NULL,NULL,'KAM','ACTIVE',NULL,1),(7,8,1,1,NULL,NULL,'2021-08-09 08:21:05',NULL,NULL,'ENGINEERING','ACTIVE',NULL,1),(8,19,1,1,NULL,NULL,'2021-08-13 11:23:19',NULL,'2021-08-13 11:23:19','PROCUREMENT','ACTIVE',NULL,1),(9,9,1,1,NULL,NULL,'2021-08-13 11:24:32',NULL,'2021-08-13 11:24:32','PRE_SALES','ACTIVE',NULL,1),(17,10,1,1,NULL,NULL,'2021-08-26 12:08:49',NULL,'2021-08-26 12:08:49','ENGINEERING','ACTIVE','TX',1),(19,11,1,1,NULL,NULL,'2021-08-26 12:09:24',NULL,'2021-08-26 12:09:24','ENGINEERING','ACTIVE','NOC',1),(21,12,1,1,NULL,NULL,'2021-08-26 12:10:01',NULL,'2021-08-26 12:10:01','ENGINEERING','ACTIVE','IP',1),(23,20,1,1,NULL,NULL,'2021-08-27 12:31:41',NULL,'2021-08-27 12:31:44','COMMERCIAL','ACTIVE',NULL,1),(24,13,1,1,NULL,NULL,'2021-08-27 12:31:41',NULL,'2021-08-27 12:31:44','SEGMENT','ACTIVE',NULL,1),(25,7,1,1,1,1,'2021-09-06 11:36:18',1,'2021-09-06 11:36:18','COMMERCIAL','ACTIVE',NULL,1),(26,21,1,1,1,1,'2021-09-08 06:31:31',1,'2021-09-08 06:31:31','KAM','ACTIVE',NULL,1),(27,23,1,1,1,1,'2021-09-08 06:32:15',1,'2021-09-08 06:32:15','SEGMENT','ACTIVE',NULL,1),(28,24,1,1,1,1,'2021-09-08 06:32:51',1,'2021-09-08 06:32:51','COMMERCIAL','ACTIVE',NULL,1),(29,25,1,1,1,1,'2021-09-08 06:33:30',1,'2021-09-08 06:33:30','MANAGEMENT','ACTIVE','VP.COMMERCIAL',1),(30,26,1,1,1,NULL,'2021-09-08 06:33:59',1,'2021-09-08 06:33:59','COMMERCIAL','ACTIVE',NULL,1),(31,22,1,1,1,1,'2021-09-08 06:34:43',1,'2021-09-08 06:34:43','KAM','ACTIVE',NULL,1),(32,27,1,1,NULL,1,'2021-09-14 12:14:59',1,'2021-09-14 12:14:59','KAM','ACTIVE',NULL,1),(33,28,1,1,NULL,1,'2021-09-14 12:16:48',1,'2021-09-14 12:16:48','LEGAL','ACTIVE',NULL,1),(34,29,1,1,NULL,1,'2021-09-14 12:17:20',1,'2021-09-14 12:17:20','COMMERCIAL','ACTIVE',NULL,1),(35,30,1,1,NULL,1,'2021-09-14 12:17:49',1,'2021-09-14 12:17:49','MANAGEMENT','ACTIVE','VP.COMMERCIAL',1),(36,31,1,1,NULL,1,'2021-09-14 12:18:30',1,'2021-09-14 12:18:30','MANAGEMENT','ACTIVE','VP.FINANCE',1),(37,32,1,1,NULL,1,'2021-09-14 12:19:06',1,'2021-09-14 12:19:06','KAM','ACTIVE',NULL,1),(38,33,1,1,NULL,1,'2021-10-04 09:55:22',1,'2021-10-04 09:55:22','COMMERCIAL','ACTIVE',NULL,1),(39,17,1,1,NULL,1,'2021-10-04 09:55:22',1,'2021-10-04 09:55:22','COMMERCIAL','ACTIVE',NULL,1),(42,36,1,1,NULL,1,'2021-10-12 08:37:04',1,NULL,'COMMERCIAL','ACTIVE',NULL,1),(43,34,1,1,NULL,1,'2021-10-15 11:03:42',1,'2021-10-15 11:03:42','COMMERCIAL','ACTIVE',NULL,1),(44,37,1,1,NULL,1,'2021-10-15 11:04:20',1,'2021-10-15 11:04:20','ENGINEERING','ACTIVE',NULL,1),(45,38,1,1,NULL,1,'2021-10-15 11:04:48',1,'2021-10-15 11:04:48','PROCUREMENT','ACTIVE',NULL,1),(46,39,1,1,NULL,1,'2021-10-15 11:05:13',1,'2021-10-15 11:05:13','PROCUREMENT','ACTIVE',NULL,1),(47,40,1,1,NULL,1,'2021-10-15 11:05:38',1,'2021-10-15 11:05:38','ENGINEERING','ACTIVE',NULL,1),(48,41,1,1,NULL,1,'2021-10-15 11:05:59',1,'2021-10-15 11:05:59','ENGINEERING','ACTIVE','IP',1),(49,42,1,1,NULL,1,'2021-10-15 11:06:23',1,'2021-10-15 11:06:23','ENGINEERING','ACTIVE','TAC',1),(50,43,1,1,NULL,1,'2021-10-15 11:06:47',1,'2021-10-15 11:06:47','COMMERCIAL','ACTIVE',NULL,1),(51,44,1,1,NULL,1,'2021-10-15 11:07:02',1,'2021-10-15 11:07:02','MANAGEMENT','ACTIVE','VP.ENGINEERING',1),(52,45,1,1,NULL,1,'2021-10-15 11:07:42',1,'2021-10-15 11:07:42','ENGINEERING','ACTIVE',NULL,1),(53,46,1,1,NULL,1,'2021-10-15 11:08:03',1,'2021-10-15 11:08:03','ENGINEERING','ACTIVE',NULL,1),(54,47,1,1,NULL,1,'2021-10-15 11:08:24',1,'2021-10-15 11:08:24','COMMERCIAL','ACTIVE',NULL,1),(55,35,1,1,NULL,1,'2021-10-15 11:08:24',1,'2021-10-15 11:08:24','FINANCE','ACTIVE',NULL,1),(56,48,1,1,NULL,1,'2021-11-09 12:25:57',1,NULL,'ENGINEERING','ACTIVE','IP',2),(57,49,1,1,NULL,1,'2021-11-09 12:25:57',1,NULL,'ENGINEERING','ACTIVE',NULL,2),(58,50,1,1,NULL,1,'2021-11-09 12:25:57',1,NULL,'KAM','ACTIVE',NULL,2),(59,51,1,1,NULL,1,'2021-11-09 12:25:57',NULL,NULL,'COMMERCIAL','ACTIVE',NULL,2),(60,52,1,1,NULL,1,'2021-11-09 12:25:57',NULL,NULL,'SEGMENT','ACTIVE',NULL,2),(61,53,1,1,NULL,1,'2021-11-09 12:25:57',NULL,NULL,'MANAGEMENT','ACTIVE','VP.COMMERCIAL',2),(62,54,1,1,NULL,1,'2021-11-09 12:25:57',NULL,NULL,'MANAGEMENT','ACTIVE','VP.ENGINEERING',2),(63,55,1,1,NULL,1,'2021-11-09 12:25:57',NULL,NULL,'ENGINEERING','ACTIVE',NULL,2),(64,56,1,1,NULL,1,'2021-11-09 12:25:57',NULL,NULL,'ENGINEERING','ACTIVE',NULL,2),(65,57,1,1,NULL,1,'2021-11-09 12:25:57',NULL,NULL,'ENGINEERING','ACTIVE',NULL,2),(71,63,1,1,NULL,NULL,NULL,NULL,NULL,'KAM','ACTIVE',NULL,10),(72,64,1,1,NULL,NULL,NULL,NULL,NULL,'SEGMENT','ACTIVE',NULL,10),(73,65,1,1,NULL,NULL,NULL,NULL,NULL,'COMMERCIAL','ACTIVE',NULL,10),(74,66,1,1,NULL,NULL,NULL,NULL,NULL,'CEG','ACTIVE',NULL,10),(75,67,1,1,NULL,NULL,NULL,NULL,NULL,'COMMERCIAL','ACTIVE',NULL,10),(76,69,1,1,NULL,1,NULL,NULL,NULL,'KAM','ACTIVE',NULL,2),(77,75,1,1,NULL,1,'2021-11-09 12:25:57',1,NULL,'ENGINEERING','ACTIVE',NULL,9),(78,83,1,1,1,NULL,NULL,NULL,NULL,'KAM','ACTIVE',NULL,9),(79,77,1,1,NULL,1,'2021-11-09 12:25:57',NULL,NULL,'COMMERCIAL','ACTIVE',NULL,9),(80,78,1,1,NULL,1,'2021-11-09 12:25:57',NULL,NULL,'SEGMENT','ACTIVE',NULL,9),(81,79,1,1,NULL,1,'2021-11-09 12:25:57',NULL,NULL,'MANAGEMENT','ACTIVE','VP.COMMERCIAL',9),(82,80,1,1,NULL,1,'2021-11-09 12:25:57',NULL,NULL,'MANAGEMENT','ACTIVE','VP.ENGINEERING',9),(83,81,1,1,NULL,1,'2021-11-09 12:25:57',NULL,NULL,'ENGINEERING','ACTIVE',NULL,9),(84,82,1,1,NULL,1,'2021-11-09 12:25:57',NULL,NULL,'ENGINEERING','ACTIVE',NULL,9),(85,84,1,1,1,NULL,NULL,NULL,NULL,'ENGINEERING','ACTIVE',NULL,9),(86,76,1,1,NULL,1,'2021-11-09 12:25:57',1,NULL,'ENGINEERING','ACTIVE',NULL,9),(87,70,1,1,NULL,1,NULL,NULL,NULL,'KAM','ACTIVE',NULL,3),(88,85,1,1,NULL,1,NULL,NULL,NULL,'ENGINEERING','ACTIVE','TX',3),(89,86,1,1,NULL,1,NULL,NULL,NULL,'ENGINEERING','ACTIVE','NOC',3),(90,87,1,1,NULL,1,NULL,NULL,NULL,'ENGINEERING','ACTIVE','IP',3),(91,88,1,1,NULL,1,NULL,NULL,NULL,'ENGINEERING','ACTIVE','ACCESS',3),(92,89,1,1,NULL,1,NULL,NULL,NULL,'KAM','ACTIVE',NULL,3),(93,90,1,1,NULL,1,NULL,NULL,NULL,'PRE_SALES','ACTIVE',NULL,3),(94,91,1,1,NULL,1,NULL,NULL,NULL,'SEGMENT','ACTIVE',NULL,3),(95,92,1,1,1,1,'2021-09-06 11:36:18',1,'2021-09-06 11:36:18','COMMERCIAL','ACTIVE',NULL,3),(96,93,1,1,1,1,'2021-09-08 06:31:31',1,'2021-09-08 06:31:31','KAM','ACTIVE',NULL,3),(97,98,1,1,1,1,'2021-09-08 06:34:43',1,'2021-09-08 06:34:43','KAM','ACTIVE',NULL,3),(98,95,1,1,1,1,'2021-09-08 06:32:15',1,'2021-09-08 06:32:15','SEGMENT','ACTIVE',NULL,3),(99,95,1,1,1,1,'2021-09-08 06:32:51',1,'2021-09-08 06:32:51','COMMERCIAL','ACTIVE',NULL,3),(100,96,1,1,1,1,'2021-09-08 06:33:30',1,'2021-09-08 06:33:30','MANAGEMENT','ACTIVE','VP.COMMERCIAL',3),(101,97,1,1,1,NULL,'2021-09-08 06:33:59',1,'2021-09-08 06:33:59','COMMERCIAL','ACTIVE',NULL,3),(102,99,1,1,NULL,1,'2021-09-14 12:14:59',1,'2021-09-14 12:14:59','KAM','ACTIVE',NULL,3),(103,100,1,1,NULL,1,'2021-09-14 12:16:48',1,'2021-09-14 12:16:48','LEGAL','ACTIVE',NULL,3),(104,101,1,1,NULL,1,'2021-09-14 12:17:20',1,'2021-09-14 12:17:20','COMMERCIAL','ACTIVE',NULL,3),(105,102,1,1,NULL,1,'2021-09-14 12:17:49',1,'2021-09-14 12:17:49','MANAGEMENT','ACTIVE',NULL,3),(106,103,1,1,NULL,1,'2021-09-14 12:18:30',1,'2021-09-14 12:18:30','MANAGEMENT','ACTIVE','VP.FINANCE',3),(107,104,1,1,NULL,1,'2021-09-14 12:19:06',1,'2021-09-14 12:19:06','KAM','ACTIVE',NULL,3),(108,105,1,1,NULL,1,'2021-10-04 09:55:22',1,'2021-10-04 09:55:22','COMMERCIAL','ACTIVE',NULL,3),(109,106,1,1,NULL,1,'2021-10-04 09:55:22',1,'2021-10-04 09:55:22','ENGINEERING','ACTIVE','TAC',3),(110,107,1,1,NULL,1,'2021-10-04 09:55:22',1,'2021-10-04 09:55:22','ENGINEERING','ACTIVE','TAC',3),(111,109,1,1,NULL,1,'2021-10-04 09:55:22',1,'2021-10-04 09:55:22','ENGINEERING','ACTIVE','TAC',3),(112,111,1,1,NULL,1,'2021-10-04 09:55:22',1,'2021-10-04 09:55:22','ENGINEERING','ACTIVE','TAC',3),(113,112,1,1,NULL,1,'2021-10-04 09:55:22',1,'2021-10-04 09:55:22','ENGINEERING','ACTIVE','TAC',3),(114,106,1,1,NULL,NULL,NULL,NULL,NULL,'TAC','ACTIVE',NULL,11),(115,107,1,1,NULL,NULL,NULL,NULL,NULL,'TAC','ACTIVE',NULL,11),(116,108,1,1,NULL,NULL,NULL,NULL,NULL,'TAC','ACTIVE',NULL,11),(117,109,1,1,NULL,NULL,NULL,NULL,NULL,'TAC','ACTIVE',NULL,11),(118,110,1,1,NULL,NULL,NULL,NULL,NULL,'TAC','ACTIVE',NULL,11),(119,111,1,1,NULL,NULL,NULL,NULL,NULL,'TAC','ACTIVE',NULL,11),(120,112,1,1,NULL,NULL,NULL,NULL,NULL,'TAC','ACTIVE',NULL,11),(121,113,1,1,NULL,NULL,'2021-12-21 17:08:24',NULL,'2021-12-21 17:08:24','KAM','ACTIVE',NULL,12),(122,114,1,1,NULL,NULL,'2021-12-21 17:08:24',NULL,'2021-12-21 17:08:24','KAM','ACTIVE',NULL,12),(123,115,1,1,NULL,NULL,'2021-12-21 17:08:24',NULL,'2021-12-21 17:08:24','KAM','ACTIVE',NULL,12),(125,117,1,1,NULL,NULL,'2021-12-21 17:08:24',NULL,'2021-12-21 17:08:24','ENGINEERING','ACTIVE',NULL,12),(126,124,1,1,NULL,NULL,'2021-12-21 17:08:24',NULL,'2021-12-21 17:08:24','PROCUREMENT','ACTIVE',NULL,12),(127,118,1,1,NULL,NULL,'2021-12-21 17:08:24',NULL,'2021-12-21 17:08:24','PRE_SALES','ACTIVE',NULL,12),(128,119,1,1,NULL,NULL,'2021-12-21 17:08:24',NULL,'2021-12-21 17:08:24','ENGINEERING','ACTIVE','TX',12),(129,120,1,1,NULL,NULL,'2021-12-21 17:08:24',NULL,'2021-12-21 17:08:24','ENGINEERING','ACTIVE','NOC',12),(130,121,1,1,NULL,NULL,'2021-12-21 17:08:24',NULL,'2021-12-21 17:08:24','ENGINEERING','ACTIVE','IP',12),(131,125,1,1,NULL,NULL,'2021-12-21 17:08:24',NULL,'2021-12-21 17:08:24','COMMERCIAL','ACTIVE',NULL,12),(132,122,1,1,NULL,NULL,'2021-12-21 17:08:24',NULL,'2021-12-21 17:08:24','SEGMENT','ACTIVE',NULL,12),(133,123,1,1,1,1,'2021-12-21 17:08:24',1,'2021-12-21 17:08:24','COMMERCIAL','ACTIVE',NULL,12),(134,126,1,1,1,1,'2021-12-21 17:08:24',1,'2021-12-21 17:08:24','KAM','ACTIVE',NULL,12),(135,128,1,1,1,1,'2021-12-21 17:08:24',1,'2021-12-21 17:08:24','SEGMENT','ACTIVE',NULL,12),(136,129,1,1,1,1,'2021-12-21 17:08:24',1,'2021-12-21 17:08:24','COMMERCIAL','ACTIVE',NULL,12),(137,130,1,1,1,1,'2021-12-21 17:08:24',1,'2021-12-21 17:08:24','MANAGEMENT','ACTIVE','VP.COMMERCIAL',12),(138,131,1,1,1,NULL,'2021-12-21 17:08:24',1,'2021-12-21 17:08:24','COMMERCIAL','ACTIVE',NULL,12),(139,132,1,1,1,1,'2021-12-21 17:08:24',1,'2021-12-21 17:08:24','KAM','ACTIVE',NULL,12),(141,133,1,1,NULL,1,'2021-12-21 17:08:24',1,'2021-12-21 17:08:24','LEGAL','ACTIVE',NULL,12),(142,134,1,1,NULL,1,'2021-12-21 17:08:24',1,'2021-12-21 17:08:24','COMMERCIAL','ACTIVE',NULL,12),(143,135,1,1,NULL,1,'2021-12-21 17:08:24',1,'2021-12-21 17:08:24','MANAGEMENT','ACTIVE','VP.COMMERCIAL',12),(144,136,1,1,NULL,1,'2021-12-21 17:08:24',1,'2021-12-21 17:08:24','MANAGEMENT','ACTIVE','VP.FINANCE',12),(145,137,1,1,NULL,1,'2021-12-21 17:08:24',1,'2021-12-21 17:08:24','KAM','ACTIVE',NULL,12),(146,138,1,1,NULL,1,'2021-12-21 17:08:24',1,'2021-12-21 17:08:24','COMMERCIAL','ACTIVE',NULL,12),(147,141,1,1,NULL,1,'2021-12-21 17:08:24',1,'2021-12-21 17:08:24','COMMERCIAL','ACTIVE',NULL,12),(149,142,1,1,NULL,1,'2021-12-21 17:08:24',1,'2021-12-21 17:08:24','ENGINEERING','ACTIVE',NULL,12),(150,143,1,1,NULL,1,'2021-12-21 17:08:24',1,'2021-12-21 17:08:24','PROCUREMENT','ACTIVE',NULL,12),(151,144,1,1,NULL,1,'2021-12-21 17:08:24',1,'2021-12-21 17:08:24','PROCUREMENT','ACTIVE',NULL,12),(152,145,1,1,NULL,1,'2021-12-21 17:08:24',1,'2021-12-21 17:08:24','ENGINEERING','ACTIVE',NULL,12),(153,146,1,1,NULL,1,'2021-12-21 17:08:24',1,'2021-12-21 17:08:24','ENGINEERING','ACTIVE','IP',12),(154,147,1,1,NULL,1,'2021-12-21 17:08:24',1,'2021-12-21 17:08:24','ENGINEERING','ACTIVE',NULL,12),(155,148,1,1,NULL,1,'2021-12-21 17:08:24',1,'2021-12-21 17:08:24','COMMERCIAL','ACTIVE',NULL,12),(156,149,1,1,NULL,1,'2021-12-21 17:08:24',1,'2021-12-21 17:08:24','MANAGEMENT','ACTIVE','VP.ENGINEERING',12),(157,150,1,1,NULL,1,'2021-12-21 17:08:24',1,'2021-12-21 17:08:24','ENGINEERING','ACTIVE',NULL,12),(158,151,1,1,NULL,1,'2021-12-21 17:08:24',1,'2021-12-21 17:08:24','ENGINEERING','ACTIVE',NULL,12),(159,152,1,1,NULL,1,'2021-12-21 17:08:24',1,'2021-12-21 17:08:24','COMMERCIAL','ACTIVE',NULL,12),(160,116,1,1,1,1,'2021-12-21 17:08:24',1,'2021-12-21 17:08:24','COMMERCIAL','ACTIVE',NULL,12),(161,127,1,1,1,1,'2021-12-21 17:08:24',1,'2021-12-21 17:08:24','KAM','ACTIVE',NULL,12),(162,162,1,1,1,1,'2021-09-08 06:31:31',1,'2021-09-08 06:31:31','KAM','ACTIVE',NULL,6),(163,163,1,1,1,1,'2021-09-08 06:32:15',1,'2021-09-08 06:32:15','SEGMENT','ACTIVE',NULL,6),(164,164,1,1,1,1,'2021-09-08 06:32:51',1,'2021-09-08 06:32:51','COMMERCIAL','ACTIVE',NULL,6),(165,165,1,1,1,1,'2021-09-08 06:33:30',1,'2021-09-08 06:33:30','MANAGEMENT','ACTIVE','VP.COMMERCIAL',6),(166,166,1,1,1,NULL,'2021-09-08 06:33:59',1,'2021-09-08 06:33:59','COMMERCIAL','ACTIVE',NULL,6),(167,167,1,1,1,1,'2021-09-08 06:34:43',1,'2021-09-08 06:34:43','KAM','ACTIVE',NULL,6),(168,168,1,1,NULL,1,'2021-09-14 12:14:59',1,'2021-09-14 12:14:59','KAM','ACTIVE',NULL,6),(169,169,1,1,NULL,1,'2021-09-14 12:16:48',1,'2021-09-14 12:16:48','LEGAL','ACTIVE',NULL,6),(170,170,1,1,NULL,1,'2021-09-14 12:17:20',1,'2021-09-14 12:17:20','COMMERCIAL','ACTIVE',NULL,6),(172,172,1,1,NULL,1,'2021-09-14 12:18:30',1,'2021-09-14 12:18:30','MANAGEMENT','ACTIVE','VP.FINANCE',6),(173,173,1,1,NULL,1,'2021-09-14 12:19:06',1,'2021-09-14 12:19:06','KAM','ACTIVE',NULL,6),(174,174,1,1,NULL,1,'2021-10-04 09:55:22',1,'2021-10-04 09:55:22','COMMERCIAL','ACTIVE',NULL,6),(175,153,1,1,NULL,NULL,'2021-10-04 09:55:22',NULL,'2021-10-04 09:55:22','SEGMENT','ACTIVE',NULL,6),(176,154,1,1,NULL,NULL,'2021-10-04 09:55:22',NULL,'2021-10-04 09:55:22','COMMERCIAL','ACTIVE',NULL,6),(177,155,1,1,NULL,NULL,'2021-10-04 09:55:22',NULL,'2021-10-04 09:55:22','ENGINEERING','ACTIVE','IP',6),(178,156,1,1,NULL,NULL,'2021-10-04 09:55:22',NULL,'2021-10-04 09:55:22','ENGINEERING','ACTIVE','NOC',6),(179,157,1,1,NULL,NULL,'2021-10-04 09:55:22',NULL,'2021-10-04 09:55:22','ENGINEERING','ACTIVE','ACCESS',6),(180,158,1,1,NULL,NULL,'2021-10-04 09:55:22',NULL,'2021-10-04 09:55:22','ENGINEERING','ACTIVE','TAC',6),(185,159,1,1,NULL,NULL,'2021-10-04 09:55:22',NULL,'2021-10-04 09:55:22','ENGINEERING','ACTIVE',NULL,6),(186,160,1,1,NULL,NULL,'2021-10-04 09:55:22',NULL,'2021-10-04 09:55:22','MANAGEMENT','ACTIVE','VP.COMMERCIAL',6),(187,74,1,1,NULL,1,'2022-01-13 07:33:08',NULL,NULL,'KAM','ACTIVE',NULL,8),(188,456,1,1,NULL,1,'2022-01-13 07:33:08',NULL,NULL,'SEGMENT','ACTIVE',NULL,8),(197,171,1,1,1,1,'2022-01-13 10:02:23',NULL,NULL,'MANAGEMENT','ACTIVE','VP.COMMERCIAL',6),(198,472,1,1,1,1,'2022-01-13 10:57:57',NULL,NULL,'COMMERCIAL','ACTIVE',NULL,6),(199,73,1,1,NULL,1,'2022-01-14 06:55:02',NULL,NULL,'KAM','ACTIVE',NULL,7),(200,175,1,1,NULL,1,'2022-01-14 06:55:02',NULL,NULL,'SEGMENT','ACTIVE',NULL,7),(201,176,1,1,NULL,1,'2022-01-14 06:55:02',NULL,NULL,'COMMERCIAL','ACTIVE',NULL,7),(202,177,1,1,1,1,'2022-01-14 06:55:02',NULL,NULL,'MANAGEMENT','ACTIVE','VP.COMMERCIAL',7),(203,178,1,1,NULL,1,'2022-01-14 06:55:02',NULL,NULL,'CEG','ACTIVE',NULL,7),(204,179,1,1,NULL,1,'2022-01-14 06:55:02',NULL,NULL,'COMMERCIAL','ACTIVE',NULL,7),(205,180,1,1,NULL,1,'2022-01-14 06:55:02',NULL,NULL,'ENGINEERING','ACTIVE','IP',7),(206,181,1,1,NULL,1,'2022-01-14 06:55:02',NULL,NULL,'ENGINEERING','ACTIVE','TX',7),(207,182,1,1,NULL,1,'2022-01-14 06:55:02',NULL,NULL,'ENGINEERING','ACTIVE','NOC',7),(208,183,1,1,NULL,1,'2022-01-14 06:55:02',NULL,NULL,'ENGINEERING','ACTIVE','ACCESS',7),(209,184,1,1,NULL,1,'2022-01-14 06:55:02',NULL,NULL,'ENGINEERING','ACTIVE','TAC',7),(210,185,1,1,NULL,1,'2022-01-14 06:55:02',NULL,NULL,'ENGINEERING','ACTIVE','TAC',7),(211,473,1,1,1,1,'2022-01-14 14:45:33',NULL,NULL,'KAM','ACTIVE',NULL,7),(212,474,1,1,1,1,'2022-01-14 14:45:33',NULL,NULL,'SEGMENT','ACTIVE',NULL,7),(213,475,1,1,1,1,'2022-01-14 14:45:33',NULL,NULL,'COMMERCIAL','ACTIVE',NULL,7),(214,476,1,1,1,1,'2022-01-14 14:45:33',NULL,NULL,'MANAGEMENT','ACTIVE','VP.COMMERCIAL',7),(215,477,1,1,1,NULL,'2022-01-14 14:45:33',NULL,NULL,'COMMERCIAL','ACTIVE',NULL,7),(216,478,1,1,1,1,'2022-01-14 14:45:33',NULL,NULL,'KAM','ACTIVE',NULL,7),(217,479,1,1,NULL,1,'2022-01-14 14:45:33',NULL,NULL,'KAM','ACTIVE',NULL,7),(218,480,1,1,NULL,1,'2022-01-14 14:45:33',NULL,NULL,'LEGAL','ACTIVE',NULL,7),(219,481,1,1,NULL,1,'2022-01-14 14:45:33',NULL,NULL,'COMMERCIAL','ACTIVE',NULL,7),(220,482,1,1,1,1,'2022-01-14 14:45:33',NULL,NULL,'MANAGEMENT','ACTIVE','VP.COMMERCIAL',7),(221,483,1,1,NULL,1,'2022-01-14 14:45:33',NULL,NULL,'MANAGEMENT','ACTIVE','VP.FINANCE',7),(222,484,1,1,NULL,1,'2022-01-14 14:45:33',NULL,NULL,'KAM','ACTIVE',NULL,7),(223,485,1,1,NULL,1,'2022-01-14 14:45:33',NULL,NULL,'COMMERCIAL','ACTIVE',NULL,7),(224,486,1,1,1,1,'2022-01-14 14:45:33',NULL,NULL,'COMMERCIAL','ACTIVE',NULL,7),(227,489,1,1,NULL,1,'2022-01-21 12:49:29',NULL,NULL,'KAM','ACTIVE',NULL,8),(228,490,1,1,NULL,1,'2022-01-21 12:49:29',NULL,NULL,'KAM','ACTIVE',NULL,8),(229,492,1,1,NULL,1,'2022-01-21 12:49:29',NULL,NULL,'ENGINEERING','ACTIVE',NULL,8),(230,499,1,1,NULL,1,'2022-01-21 12:49:29',NULL,NULL,'PROCUREMENT','ACTIVE',NULL,8),(231,493,1,1,NULL,1,'2022-01-21 12:49:29',NULL,NULL,'PRE_SALES','ACTIVE',NULL,8),(232,494,1,1,NULL,1,'2022-01-21 12:49:29',NULL,NULL,'ENGINEERING','ACTIVE','TX',8),(233,495,1,1,NULL,1,'2022-01-21 12:49:29',NULL,NULL,'ENGINEERING','ACTIVE','NOC',8),(234,496,1,1,NULL,1,'2022-01-21 12:49:29',NULL,NULL,'ENGINEERING','ACTIVE','IP',8),(235,500,1,1,NULL,1,'2022-01-21 12:49:29',NULL,NULL,'COMMERCIAL','ACTIVE',NULL,8),(236,497,1,1,NULL,1,'2022-01-21 12:49:29',NULL,NULL,'SEGMENT','ACTIVE',NULL,8),(237,498,1,1,1,1,'2022-01-21 12:49:29',NULL,NULL,'COMMERCIAL','ACTIVE',NULL,8),(238,501,1,1,1,1,'2022-01-21 12:49:29',NULL,NULL,'KAM','ACTIVE',NULL,8),(239,503,1,1,1,1,'2022-01-21 12:49:29',NULL,NULL,'SEGMENT','ACTIVE',NULL,8),(240,504,1,1,1,1,'2022-01-21 12:49:29',NULL,NULL,'COMMERCIAL','ACTIVE',NULL,8),(241,505,1,1,1,1,'2022-01-21 12:49:29',NULL,NULL,'MANAGEMENT','ACTIVE','VP.COMMERCIAL',8),(242,506,1,1,1,1,'2022-01-21 12:49:29',NULL,NULL,'COMMERCIAL','ACTIVE',NULL,8),(243,507,1,1,1,1,'2022-01-21 12:49:29',NULL,NULL,'KAM','ACTIVE',NULL,8),(244,508,1,1,NULL,1,'2022-01-21 12:49:29',NULL,NULL,'LEGAL','ACTIVE',NULL,8),(245,509,1,1,NULL,1,'2022-01-21 12:49:29',NULL,NULL,'COMMERCIAL','ACTIVE',NULL,8),(246,510,1,1,NULL,1,'2022-01-21 12:49:29',NULL,NULL,'MANAGEMENT','ACTIVE','VP.COMMERCIAL',8),(247,511,1,1,NULL,1,'2022-01-21 12:49:29',NULL,NULL,'MANAGEMENT','ACTIVE','VP.FINANCE',8),(248,512,1,1,NULL,1,'2022-01-21 12:49:29',NULL,NULL,'KAM','ACTIVE',NULL,8),(249,513,1,1,NULL,1,'2022-01-21 12:49:29',NULL,NULL,'COMMERCIAL','ACTIVE',NULL,8),(250,514,1,1,NULL,1,'2022-01-21 12:49:29',NULL,NULL,'COMMERCIAL','ACTIVE',NULL,8),(251,515,1,1,NULL,1,'2022-01-21 12:49:29',NULL,NULL,'ENGINEERING','ACTIVE',NULL,8),(252,516,1,1,NULL,1,'2022-01-21 12:49:29',NULL,NULL,'PROCUREMENT','ACTIVE',NULL,8),(253,517,1,1,NULL,1,'2022-01-21 12:49:29',NULL,NULL,'PROCUREMENT','ACTIVE',NULL,8),(254,518,1,1,NULL,1,'2022-01-21 12:49:29',NULL,NULL,'ENGINEERING','ACTIVE',NULL,8),(255,519,1,1,NULL,1,'2022-01-21 12:49:29',NULL,NULL,'ENGINEERING','ACTIVE','IP',8),(256,520,1,1,NULL,1,'2022-01-21 12:49:29',NULL,NULL,'ENGINEERING','ACTIVE',NULL,8),(257,521,1,1,NULL,1,'2022-01-21 12:49:29',NULL,NULL,'COMMERCIAL','ACTIVE',NULL,8),(258,522,1,1,NULL,1,'2022-01-21 12:49:29',NULL,NULL,'MANAGEMENT','ACTIVE','VP.ENGINEERING',8),(259,523,1,1,NULL,1,'2022-01-21 12:49:29',NULL,NULL,'ENGINEERING','ACTIVE',NULL,8),(260,524,1,1,NULL,1,'2022-01-21 12:49:29',NULL,NULL,'ENGINEERING','ACTIVE',NULL,8),(261,525,1,1,NULL,1,'2022-01-21 12:49:29',NULL,NULL,'COMMERCIAL','ACTIVE',NULL,8),(290,552,1,1,NULL,NULL,NULL,NULL,NULL,'COMMERCIAL','ACTIVE',NULL,10),(291,491,1,1,NULL,1,'2022-01-21 13:01:30',NULL,NULL,'COMMERCIAL','ACTIVE',NULL,8),(292,502,1,1,NULL,1,'2022-01-21 13:01:30',NULL,NULL,'KAM','ACTIVE',NULL,8),(293,554,1,1,NULL,1,'2022-01-21 12:49:29',NULL,NULL,'COMMERCIAL','ACTIVE',NULL,8),(294,555,1,1,NULL,1,'2022-01-21 12:49:29',NULL,NULL,'KAM','ACTIVE',NULL,6),(295,556,1,1,NULL,1,'2022-01-21 12:49:29',NULL,NULL,'KAM','ACTIVE',NULL,6),(296,557,1,1,NULL,1,'2022-01-21 13:01:30',NULL,NULL,'COMMERCIAL','ACTIVE',NULL,6),(297,558,1,1,NULL,1,'2022-01-21 12:49:29',NULL,NULL,'ENGINEERING','ACTIVE',NULL,6),(298,559,1,1,NULL,1,'2022-01-21 12:49:29',NULL,NULL,'PRE_SALES','ACTIVE',NULL,6),(299,560,1,1,NULL,1,'2022-01-21 12:49:29',NULL,NULL,'ENGINEERING','ACTIVE','TX',6),(300,561,1,1,NULL,1,'2022-01-21 12:49:29',NULL,NULL,'ENGINEERING','ACTIVE','NOC',6),(301,562,1,1,NULL,1,'2022-01-21 12:49:29',NULL,NULL,'ENGINEERING','ACTIVE','IP',6),(302,563,1,1,NULL,1,'2022-01-21 12:49:29',NULL,NULL,'SEGMENT','ACTIVE',NULL,6),(303,564,1,1,NULL,1,'2022-01-21 12:49:29',NULL,NULL,'PROCUREMENT','ACTIVE',NULL,6),(304,565,1,1,NULL,1,'2022-01-21 12:49:29',NULL,NULL,'COMMERCIAL','ACTIVE',NULL,6),(305,566,1,1,1,1,'2022-01-21 12:49:29',NULL,NULL,'KAM','ACTIVE',NULL,6),(309,570,1,1,NULL,1,'2022-01-21 12:49:29',NULL,NULL,'KAM','ACTIVE',NULL,7),(310,571,1,1,NULL,1,'2022-01-21 12:49:29',NULL,NULL,'KAM','ACTIVE',NULL,7),(311,572,1,1,NULL,1,'2022-01-21 13:01:30',NULL,NULL,'COMMERCIAL','ACTIVE',NULL,7),(312,573,1,1,NULL,1,'2022-01-21 12:49:29',NULL,NULL,'ENGINEERING','ACTIVE',NULL,7),(313,574,1,1,NULL,1,'2022-01-21 12:49:29',NULL,NULL,'PRE_SALES','ACTIVE',NULL,7),(314,575,1,1,NULL,1,'2022-01-21 12:49:29',NULL,NULL,'ENGINEERING','ACTIVE','TX',7),(315,576,1,1,NULL,1,'2022-01-21 12:49:29',NULL,NULL,'ENGINEERING','ACTIVE','NOC',7),(316,577,1,1,NULL,1,'2022-01-21 12:49:29',NULL,NULL,'ENGINEERING','ACTIVE','IP',7),(317,578,1,1,NULL,1,'2022-01-21 12:49:29',NULL,NULL,'SEGMENT','ACTIVE',NULL,7),(318,579,1,1,NULL,1,'2022-01-21 12:49:29',NULL,NULL,'PROCUREMENT','ACTIVE',NULL,7),(319,580,1,1,NULL,1,'2022-01-21 12:49:29',NULL,NULL,'COMMERCIAL','ACTIVE',NULL,7),(320,581,1,1,1,1,'2022-01-21 12:49:29',NULL,NULL,'KAM','ACTIVE',NULL,7),(324,72,1,1,1,1,'2022-01-28 07:27:00',NULL,NULL,'KAM','ACTIVE',NULL,6),(325,585,1,1,NULL,1,'2021-10-15 11:08:24',1,'2021-10-15 11:08:24','FINANCE','ACTIVE',NULL,1),(326,586,1,1,NULL,1,'2022-02-23 13:55:42',NULL,NULL,'COMMERCIAL','ACTIVE',NULL,13),(327,587,1,1,NULL,1,'2022-02-23 13:55:42',NULL,NULL,'COMMERCIAL','ACTIVE',NULL,13),(328,588,1,1,NULL,1,'2022-02-23 13:55:42',NULL,NULL,'COMMERCIAL','ACTIVE',NULL,13),(329,590,1,1,NULL,1,'2022-02-23 13:55:42',NULL,NULL,'COMMERCIAL','ACTIVE',NULL,13),(330,591,1,1,NULL,1,'2022-02-23 13:55:42',NULL,NULL,'COMMERCIAL','ACTIVE',NULL,13),(331,592,1,1,NULL,1,'2022-02-23 13:55:42',NULL,NULL,'COMMERCIAL','ACTIVE',NULL,13),(332,593,1,1,NULL,1,'2022-02-23 13:55:42',NULL,NULL,'COMMERCIAL','ACTIVE',NULL,13);
/*!40000 ALTER TABLE `workflow_stage_permission` ENABLE KEYS */;
UNLOCK TABLES;

--
-- Table structure for table `workflow_stage_decision`
--

DROP TABLE IF EXISTS `workflow_stage_decision`;
/*!40101 SET @saved_cs_client     = @@character_set_client */;
/*!40101 SET character_set_client = utf8 */;
CREATE TABLE `workflow_stage_decision` (
  `id` int(11) NOT NULL AUTO_INCREMENT,
  `workflow_stage_id` int(11) DEFAULT NULL,
  `condition_value` varchar(255) DEFAULT NULL,
  `direction` int(11) DEFAULT NULL,
  `created_by` int(11) DEFAULT NULL,
  `creation_time` datetime DEFAULT NULL,
  `modified_by` int(11) DEFAULT NULL,
  `modified_time` datetime DEFAULT NULL,
  `record_status` enum('ACTIVE','INACTIVE','DRAFT','DELETED') NOT NULL DEFAULT 'ACTIVE',
  `note` varchar(255) DEFAULT NULL,
  PRIMARY KEY (`id`),
  KEY `workflow_stage_id` (`workflow_stage_id`),
  KEY `direction` (`direction`),
  CONSTRAINT `workflow_stage_decision_ibfk_1` FOREIGN KEY (`workflow_stage_id`) REFERENCES `workflow_stage` (`id`) ON DELETE SET NULL ON UPDATE CASCADE,
  CONSTRAINT `workflow_stage_decision_ibfk_2` FOREIGN KEY (`direction`) REFERENCES `workflow_stage` (`id`)
) ENGINE=InnoDB AUTO_INCREMENT=247 DEFAULT CHARSET=latin1;
/*!40101 SET character_set_client = @saved_cs_client */;

--
-- Dumping data for table `workflow_stage_decision`
--

LOCK TABLES `workflow_stage_decision` WRITE;
/*!40000 ALTER TABLE `workflow_stage_decision` DISABLE KEYS */;
INSERT INTO `workflow_stage_decision` VALUES (2,9,'1',12,1,'2021-08-17 09:55:42',1,'2021-08-17 09:55:42','ACTIVE','product_id'),(3,9,'5',12,1,'2021-08-17 09:55:42',1,'2021-08-17 09:55:42','ACTIVE','product_id'),(4,9,'4',10,1,'2021-08-17 09:57:01',1,'2021-08-17 09:57:01','ACTIVE','product_id'),(5,9,'3',10,1,'2021-08-17 09:57:30',1,'2021-08-17 09:57:30','ACTIVE','product_id'),(6,9,'6',10,1,'2021-08-17 09:57:57',1,'2021-08-17 09:57:57','ACTIVE','product_id'),(7,9,'7',10,1,'2021-08-17 09:58:28',1,'2021-08-17 09:58:28','ACTIVE','product_id'),(8,9,'8',10,1,'2021-08-17 09:58:52',1,'2021-08-17 09:58:52','ACTIVE','product_id'),(9,9,'1,true',20,1,'2021-09-06 06:20:05',1,'2021-09-06 06:20:05','ACTIVE','product_id,is_standard'),(10,9,'5,true',20,1,'2021-09-06 06:28:14',1,'2021-09-06 06:28:14','ACTIVE','product_id,is_standard'),(11,9,'4,true',20,1,'2021-09-06 06:29:40',1,'2021-09-06 06:29:40','ACTIVE','product_id,is_standard'),(12,12,'3',13,1,'2021-09-06 09:55:26',1,'2021-09-06 09:55:26','ACTIVE','product_id'),(13,12,'6',13,1,'2021-09-06 09:57:20',1,'2021-09-06 09:57:20','ACTIVE','product_id'),(14,12,'1',20,1,'2021-09-06 09:58:44',1,'2021-09-06 09:58:44','ACTIVE','product_id'),(15,12,'5',20,1,'2021-09-06 09:59:17',1,'2021-09-06 09:59:17','ACTIVE','product_id'),(16,12,'4',20,1,'2021-09-06 09:59:50',1,'2021-09-06 09:59:50','ACTIVE','product_id'),(17,12,'7',20,1,'2021-09-06 10:00:16',1,'2021-09-06 10:00:16','ACTIVE','product_id'),(18,12,'8',20,1,'2021-09-06 10:00:41',1,'2021-09-06 10:00:41','ACTIVE','product_id'),(19,21,'true',22,1,'2021-09-08 06:29:28',1,'2021-09-08 06:29:28','ACTIVE','boolean'),(20,21,'false',23,1,'2021-09-08 06:30:05',1,'2021-09-08 06:30:05','ACTIVE','boolean'),(21,22,'isContract',27,1,'2021-09-14 12:01:07',1,'2021-09-14 12:01:07','ACTIVE','is_contract true'),(22,22,'isSOF',29,1,'2021-09-14 12:02:48',1,'2021-09-14 12:02:48','ACTIVE','is_sof = true'),(23,17,'true',34,1,'2021-10-15 12:19:13',NULL,'2021-10-15 12:19:13','ACTIVE','isAdvancedInvoice'),(24,17,'false',36,1,'2021-10-15 12:20:36',1,'2021-10-15 12:20:36','ACTIVE','isAdvancedInvoice'),(25,48,'true,false',51,1,'2021-11-09 12:13:56',1,'2021-11-09 12:13:56','ACTIVE','ip_feasible:true,network_optimze:false'),(26,48,'false,true',49,1,'2021-11-09 12:15:37',1,'2021-11-09 12:15:37','ACTIVE','ip_feasible:false,network_optimize:true'),(27,48,'false,false',50,1,'2021-11-09 12:15:37',1,'2021-11-09 12:15:37','ACTIVE','ip_feasible:false,network_optimize:false'),(28,49,'true',51,1,'2021-11-09 12:15:37',1,'2021-11-09 12:15:37','ACTIVE','\r\noptimize_complete:true'),(29,49,'false',50,1,'2021-11-09 12:15:37',1,'2021-11-09 12:15:37','ACTIVE','\r\noptimize_complete:false'),(30,76,'true',77,1,NULL,NULL,NULL,'ACTIVE','ip_feasible:true'),(31,76,'false',83,1,NULL,NULL,NULL,'ACTIVE','ip_feasible:false'),(32,69,'true',85,1,NULL,NULL,NULL,'ACTIVE','initiate wf-2200'),(33,69,'true',86,1,NULL,NULL,NULL,'ACTIVE','initiate wf-2200'),(34,69,'true',87,1,NULL,NULL,NULL,'ACTIVE','initiate wf-2200'),(35,69,'true',88,1,NULL,NULL,NULL,'ACTIVE','initiate wf-2200'),(36,85,'true,true,true,true',90,1,NULL,NULL,NULL,'ACTIVE','tx_feasible:true,noc_feasible:true,ip_feasible:true,access_feasible:true'),(37,86,'true,true,true,true',90,1,NULL,NULL,NULL,'ACTIVE','tx_feasible:true,noc_feasible:true,ip_feasible:true,access_feasible:true'),(38,87,'true,true,true,true',90,1,NULL,NULL,NULL,'ACTIVE','tx_feasible:true,noc_feasible:true,ip_feasible:true,access_feasible:true'),(39,88,'true,true,true,true',90,1,NULL,NULL,NULL,'ACTIVE','tx_feasible:true,noc_feasible:true,ip_feasible:true,access_feasible:true'),(40,85,'false',89,1,NULL,NULL,NULL,'ACTIVE','tx || ip ||noc || access => false'),(41,86,'false',89,1,NULL,NULL,NULL,'ACTIVE','tx || ip ||noc || access => false'),(42,87,'false',89,1,NULL,NULL,NULL,'ACTIVE','tx || ip ||noc || access => false'),(43,88,'false',89,1,NULL,NULL,NULL,'ACTIVE','tx || ip ||noc || access => false'),(90,118,'1',121,1,'2021-12-28 10:00:54',1,'2021-12-28 10:00:54','ACTIVE','product_id'),(91,118,'5',121,1,'2021-12-28 10:00:54',1,'2021-12-28 10:00:54','ACTIVE','product_id'),(92,118,'4',119,1,'2021-12-28 10:00:54',1,'2021-12-28 10:00:54','ACTIVE','product_id'),(93,118,'3',119,1,'2021-12-28 10:00:54',1,'2021-12-28 10:00:54','ACTIVE','product_id'),(94,118,'6',119,1,'2021-12-28 10:00:54',1,'2021-12-28 10:00:54','ACTIVE','product_id'),(95,118,'7',119,1,'2021-12-28 10:00:54',1,'2021-12-28 10:00:54','ACTIVE','product_id'),(96,118,'8',119,1,'2021-12-28 10:00:54',1,'2021-12-28 10:00:54','ACTIVE','product_id'),(97,118,'1,true',125,1,'2021-12-28 10:00:54',1,'2021-12-28 10:00:54','ACTIVE','product_id,is_standard'),(98,118,'5,true',125,1,'2021-12-28 10:00:54',1,'2021-12-28 10:00:54','ACTIVE','product_id,is_standard'),(99,118,'4,true',125,1,'2021-12-28 10:00:54',1,'2021-12-28 10:00:54','ACTIVE','product_id,is_standard'),(105,121,'3',122,1,'2021-12-28 10:00:54',1,'2021-12-28 10:00:54','ACTIVE','product_id'),(106,121,'6',122,1,'2021-12-28 10:00:54',1,'2021-12-28 10:00:54','ACTIVE','product_id'),(107,121,'1',125,1,'2021-12-28 10:00:54',1,'2021-12-28 10:00:54','ACTIVE','product_id'),(108,121,'5',125,1,'2021-12-28 10:00:54',1,'2021-12-28 10:00:54','ACTIVE','product_id'),(109,121,'4',125,1,'2021-12-28 10:00:54',1,'2021-12-28 10:00:54','ACTIVE','product_id'),(110,121,'7',125,1,'2021-12-28 10:00:54',1,'2021-12-28 10:00:54','ACTIVE','product_id'),(111,121,'8',125,1,'2021-12-28 10:00:54',1,'2021-12-28 10:00:54','ACTIVE','product_id'),(112,126,'true',127,1,'2021-12-28 10:00:54',1,'2021-12-28 10:00:54','ACTIVE','boolean'),(113,126,'false',128,1,'2021-12-28 10:00:54',1,'2021-12-28 10:00:54','ACTIVE','boolean'),(115,127,'isContract',132,1,'2021-12-28 10:00:54',1,'2021-12-28 10:00:54','ACTIVE','is_contract true'),(116,127,'isSOF',134,1,'2021-12-28 10:00:54',1,'2021-12-28 10:00:54','ACTIVE','is_sof = true'),(117,154,'1,true',155,1,NULL,NULL,NULL,'ACTIVE','product_id,is_forced'),(118,154,'false',160,1,NULL,NULL,NULL,'ACTIVE','is_forced'),(119,154,'5,true',155,1,NULL,NULL,NULL,'ACTIVE','product_id,is_forced'),(120,154,'8,true',156,1,NULL,NULL,NULL,'ACTIVE','product_id,is_forced'),(121,154,'4,true',156,1,NULL,NULL,NULL,'ACTIVE','product_id,is_forced'),(122,154,'4,true',157,1,NULL,NULL,NULL,'ACTIVE','product_id,is_forced'),(123,160,'false',555,NULL,'2022-01-07 12:05:27',NULL,NULL,'ACTIVE','vpc_approved'),(125,160,'1,true',155,1,'2022-01-07 12:05:27',NULL,NULL,'ACTIVE','product_id,vpc_approved'),(126,160,'5,true',155,1,'2022-01-07 12:05:27',NULL,NULL,'ACTIVE','product_id,vpc_approved'),(127,160,'8,true',156,1,'2022-01-07 12:05:27',NULL,NULL,'ACTIVE','product_id,vpc_approved'),(128,160,'4,true',156,1,'2022-01-07 12:05:27',NULL,NULL,'ACTIVE','product_id,vpc_approved'),(129,160,'4,true',157,1,'2022-01-07 12:05:27',NULL,NULL,'ACTIVE','product_id,vpc_approved'),(133,74,'false',489,1,'2022-01-13 07:23:28',NULL,NULL,'ACTIVE','flat_renewal=false'),(134,74,'true',456,1,'2022-01-13 07:23:28',NULL,NULL,'ACTIVE','flat_renewal=true'),(135,167,'isContract',168,1,'2022-01-13 13:35:29',NULL,NULL,'ACTIVE','is_contract = true'),(136,167,'isSOF',170,1,'2022-01-13 13:35:30',NULL,NULL,'ACTIVE','is_sof = true'),(137,162,'true',167,1,'2021-09-08 06:29:28',1,'2021-09-08 06:29:28','ACTIVE','boolean'),(138,162,'false',163,1,'2021-09-08 06:30:05',1,'2021-09-08 06:30:05','ACTIVE','boolean'),(140,478,'isContract',479,1,'2022-01-14 12:12:59',NULL,NULL,'ACTIVE','is_contract = true'),(141,478,'isSOF',481,1,'2022-01-14 12:13:00',NULL,NULL,'ACTIVE','is_sof = true'),(142,177,'false',570,1,'2022-01-14 07:18:38',NULL,NULL,'ACTIVE','vpc_approved=false'),(143,177,'true',178,1,'2022-01-14 07:18:38',NULL,NULL,'ACTIVE','vpc_approved=true'),(144,473,'true',478,1,'2022-01-14 07:31:38',NULL,NULL,'ACTIVE','boolean'),(145,473,'true',178,1,'2022-01-14 07:31:38',NULL,NULL,'ACTIVE','boolean'),(146,179,'1',180,1,'2022-01-14 07:39:57',NULL,NULL,'ACTIVE','product_id'),(147,179,'5',180,1,'2022-01-14 07:39:57',NULL,NULL,'ACTIVE','product_id'),(148,179,'8',181,1,'2022-01-14 07:39:57',NULL,NULL,'ACTIVE','product_id'),(149,179,'4',183,1,'2022-01-14 07:39:57',NULL,NULL,'ACTIVE','product_id'),(150,179,'3',182,1,'2022-01-14 07:39:57',NULL,NULL,'ACTIVE','product_id'),(151,179,'6',182,1,'2022-01-14 07:39:57',NULL,NULL,'ACTIVE','product_id'),(152,179,'4',182,1,'2022-01-14 07:39:57',NULL,NULL,'ACTIVE','product_id'),(153,493,'1',496,1,'2022-01-21 12:45:33',1,NULL,'ACTIVE','product_id'),(154,493,'5',496,1,'2022-01-21 12:45:33',1,NULL,'ACTIVE','product_id'),(155,493,'4',494,1,'2022-01-21 12:45:33',1,NULL,'ACTIVE','product_id'),(156,493,'3',494,1,'2022-01-21 12:45:33',1,NULL,'ACTIVE','product_id'),(157,493,'6',494,1,'2022-01-21 12:45:33',1,NULL,'ACTIVE','product_id'),(158,493,'7',494,1,'2022-01-21 12:45:33',1,NULL,'ACTIVE','product_id'),(159,493,'8',494,1,'2022-01-21 12:45:33',1,NULL,'ACTIVE','product_id'),(160,493,'1,true',500,1,'2022-01-21 12:45:33',1,NULL,'ACTIVE','product_id,is_standard'),(161,493,'5,true',500,1,'2022-01-21 12:45:33',1,NULL,'ACTIVE','product_id,is_standard'),(162,493,'4,true',500,1,'2022-01-21 12:45:33',1,NULL,'ACTIVE','product_id,is_standard'),(168,496,'3',497,1,'2022-01-21 12:45:33',1,NULL,'ACTIVE','product_id'),(169,496,'6',497,1,'2022-01-21 12:45:33',1,NULL,'ACTIVE','product_id'),(170,496,'1',500,1,'2022-01-21 12:45:33',1,NULL,'ACTIVE','product_id'),(171,496,'5',500,1,'2022-01-21 12:45:33',1,NULL,'ACTIVE','product_id'),(172,496,'4',500,1,'2022-01-21 12:45:33',1,NULL,'ACTIVE','product_id'),(173,496,'7',500,1,'2022-01-21 12:45:33',1,NULL,'ACTIVE','product_id'),(174,496,'8',500,1,'2022-01-21 12:45:33',1,NULL,'ACTIVE','product_id'),(175,501,'true',502,1,'2022-01-21 12:45:34',1,NULL,'ACTIVE','boolean'),(176,501,'false',503,1,'2022-01-21 12:45:34',1,NULL,'ACTIVE','boolean'),(178,502,'isContract',507,1,'2022-01-21 12:45:34',1,NULL,'ACTIVE','is_contract true'),(179,502,'isSOF',509,1,'2022-01-21 12:45:34',1,NULL,'ACTIVE','is_sof = true'),(183,513,'false',514,1,'2022-01-13 07:23:28',NULL,NULL,'ACTIVE','flat_renewal=false'),(184,513,'true',554,1,'2022-01-13 07:23:28',NULL,NULL,'ACTIVE','flat_renewal=true'),(185,559,'1',562,1,'2022-01-21 12:45:33',1,NULL,'ACTIVE','product_id'),(186,559,'5',562,1,'2022-01-21 12:45:33',1,NULL,'ACTIVE','product_id'),(187,559,'4',560,1,'2022-01-21 12:45:33',1,NULL,'ACTIVE','product_id'),(188,559,'3',560,1,'2022-01-21 12:45:33',1,NULL,'ACTIVE','product_id'),(189,559,'6',560,1,'2022-01-21 12:45:33',1,NULL,'ACTIVE','product_id'),(190,559,'7',560,1,'2022-01-21 12:45:33',1,NULL,'ACTIVE','product_id'),(191,559,'8',560,1,'2022-01-21 12:45:33',1,NULL,'ACTIVE','product_id'),(192,559,'1,true',565,1,'2022-01-21 12:45:33',1,NULL,'ACTIVE','product_id,is_standard'),(193,559,'5,true',565,1,'2022-01-21 12:45:33',1,NULL,'ACTIVE','product_id,is_standard'),(194,559,'4,true',565,1,'2022-01-21 12:45:33',1,NULL,'ACTIVE','product_id,is_standard'),(200,562,'3',563,1,'2022-01-21 12:45:33',1,NULL,'ACTIVE','product_id'),(201,562,'6',563,1,'2022-01-21 12:45:33',1,NULL,'ACTIVE','product_id'),(202,562,'1',565,1,'2022-01-21 12:45:33',1,NULL,'ACTIVE','product_id'),(203,562,'5',565,1,'2022-01-21 12:45:33',1,NULL,'ACTIVE','product_id'),(204,562,'4',565,1,'2022-01-21 12:45:33',1,NULL,'ACTIVE','product_id'),(205,562,'7',565,1,'2022-01-21 12:45:33',1,NULL,'ACTIVE','product_id'),(206,562,'8',565,1,'2022-01-21 12:45:33',1,NULL,'ACTIVE','product_id'),(207,566,'true',167,1,'2022-01-21 12:45:34',1,NULL,'ACTIVE','boolean'),(208,566,'false',163,1,'2022-01-21 12:45:34',1,NULL,'ACTIVE','boolean'),(210,574,'1',577,1,'2022-01-21 12:45:33',1,NULL,'ACTIVE','product_id'),(211,574,'5',577,1,'2022-01-21 12:45:33',1,NULL,'ACTIVE','product_id'),(212,574,'4',575,1,'2022-01-21 12:45:33',1,NULL,'ACTIVE','product_id'),(213,574,'3',575,1,'2022-01-21 12:45:33',1,NULL,'ACTIVE','product_id'),(214,574,'6',575,1,'2022-01-21 12:45:33',1,NULL,'ACTIVE','product_id'),(215,574,'7',575,1,'2022-01-21 12:45:33',1,NULL,'ACTIVE','product_id'),(216,574,'8',575,1,'2022-01-21 12:45:33',1,NULL,'ACTIVE','product_id'),(217,574,'1,true',580,1,'2022-01-21 12:45:33',1,NULL,'ACTIVE','product_id,is_standard'),(218,574,'5,true',580,1,'2022-01-21 12:45:33',1,NULL,'ACTIVE','product_id,is_standard'),(219,574,'4,true',580,1,'2022-01-21 12:45:33',1,NULL,'ACTIVE','product_id,is_standard'),(225,577,'3',578,1,'2022-01-21 12:45:33',1,NULL,'ACTIVE','product_id'),(226,577,'6',578,1,'2022-01-21 12:45:33',1,NULL,'ACTIVE','product_id'),(227,577,'1',580,1,'2022-01-21 12:45:33',1,NULL,'ACTIVE','product_id'),(228,577,'5',580,1,'2022-01-21 12:45:33',1,NULL,'ACTIVE','product_id'),(229,577,'4',580,1,'2022-01-21 12:45:33',1,NULL,'ACTIVE','product_id'),(230,577,'7',580,1,'2022-01-21 12:45:33',1,NULL,'ACTIVE','product_id'),(231,577,'8',580,1,'2022-01-21 12:45:33',1,NULL,'ACTIVE','product_id'),(232,581,'true',478,1,'2022-01-21 12:45:34',1,NULL,'ACTIVE','boolean'),(233,581,'false',474,1,'2022-01-21 12:45:34',1,NULL,'ACTIVE','boolean'),(235,28,'true',31,1,'2022-01-21 12:45:34',1,NULL,'ACTIVE','isVpcApprovalSof'),(236,30,'true',31,1,'2022-01-21 12:45:34',1,NULL,'ACTIVE','isReviewAndFinalizeLegal'),(237,133,'true',136,1,'2022-02-14 07:14:18',1,NULL,'ACTIVE','isVpcApprovalSof'),(238,169,'true',172,1,'2022-02-14 07:14:18',1,NULL,'ACTIVE','isVpcApprovalSof'),(239,480,'true',483,1,'2022-02-14 07:14:18',1,NULL,'ACTIVE','isVpcApprovalSof'),(240,508,'true',511,1,'2022-02-14 07:14:18',1,NULL,'ACTIVE','isVpcApprovalSof'),(241,135,'true',136,1,'2022-02-14 07:19:50',1,NULL,'ACTIVE','isReviewAndFinalizeLegal'),(242,171,'true',172,1,'2022-02-14 07:19:50',1,NULL,'ACTIVE','isReviewAndFinalizeLegal'),(243,482,'true',483,1,'2022-02-14 07:19:50',1,NULL,'ACTIVE','isReviewAndFinalizeLegal'),(244,510,'true',511,1,'2022-02-14 07:19:50',1,NULL,'ACTIVE','isReviewAndFinalizeLegal'),(245,588,'false',590,1,'2022-02-24 10:09:58',NULL,NULL,'ACTIVE','is_discrepancy=false'),(246,588,'true',592,1,'2022-02-24 10:09:58',NULL,NULL,'ACTIVE','is_discrepancy=true');
/*!40000 ALTER TABLE `workflow_stage_decision` ENABLE KEYS */;
UNLOCK TABLES;

--
-- Table structure for table `change_request_type`
--

DROP TABLE IF EXISTS `change_request_type`;
/*!40101 SET @saved_cs_client     = @@character_set_client */;
/*!40101 SET character_set_client = utf8 */;
CREATE TABLE `change_request_type` (
  `id` int(11) NOT NULL AUTO_INCREMENT,
  `name` varchar(100) NOT NULL,
  `created_by` int(11) DEFAULT NULL,
  `creation_time` datetime DEFAULT NULL,
  `modified_by` int(11) DEFAULT NULL,
  `modified_time` datetime DEFAULT NULL,
  `record_status` enum('ACTIVE','INACTIVE','DRAFT','DELETED') NOT NULL DEFAULT 'ACTIVE',
  `display_order` int(11) NOT NULL DEFAULT 0,
  PRIMARY KEY (`id`)
) ENGINE=InnoDB AUTO_INCREMENT=10 DEFAULT CHARSET=latin1;
/*!40101 SET character_set_client = @saved_cs_client */;

--
-- Dumping data for table `change_request_type`
--

LOCK TABLES `change_request_type` WRITE;
/*!40000 ALTER TABLE `change_request_type` DISABLE KEYS */;
INSERT INTO `change_request_type` VALUES (1,'Upgrade',1,'2021-11-04 10:57:10',1,'2021-11-04 10:57:10','ACTIVE',1),(2,'BW Shifting',1,'2021-11-04 10:57:35',1,'2021-11-04 10:57:35','ACTIVE',3),(3,'BOD',1,'2021-11-04 10:58:15',1,'2021-11-04 10:58:15','ACTIVE',4),(4,'Suspension',1,'2021-11-04 10:58:24',1,'2021-11-04 10:58:24','ACTIVE',5),(5,'Termination',1,'2021-11-04 10:58:40',1,'2021-11-04 10:58:40','ACTIVE',6),(6,'Relocation',1,'2021-11-04 10:59:43',1,'2021-11-04 10:59:43','ACTIVE',7),(7,'Renewal',1,'2021-11-04 10:59:58',1,'2021-11-04 10:59:58','ACTIVE',8),(8,'IP Allocation',1,'2021-11-04 11:01:21',1,'2021-11-04 11:01:21','ACTIVE',9),(9,'Downgrade',1,'2021-12-22 11:01:17',1,'2021-12-22 11:01:19','ACTIVE',2);
/*!40000 ALTER TABLE `change_request_type` ENABLE KEYS */;
UNLOCK TABLES;

--
-- Table structure for table `product_change_request_type`
--

DROP TABLE IF EXISTS `product_change_request_type`;
/*!40101 SET @saved_cs_client     = @@character_set_client */;
/*!40101 SET character_set_client = utf8 */;
CREATE TABLE `product_change_request_type` (
  `id` int(11) NOT NULL AUTO_INCREMENT,
  `product_id` int(11) NOT NULL,
  `change_request_type_id` varchar(255) DEFAULT NULL,
  `segments_id` varchar(255) DEFAULT NULL,
  `workflow_id` int(11) NOT NULL,
  `created_by` int(11) DEFAULT NULL,
  `creation_time` datetime DEFAULT NULL,
  `modified_by` int(11) DEFAULT NULL,
  `modified_time` datetime DEFAULT NULL,
  `record_status` enum('ACTIVE','INACTIVE','DRAFT','DELETED') NOT NULL DEFAULT 'ACTIVE',
  PRIMARY KEY (`id`),
  KEY `product_id` (`product_id`),
  KEY `workflow_id` (`workflow_id`),
  CONSTRAINT `product_change_request_type_ibfk_297` FOREIGN KEY (`product_id`) REFERENCES `product` (`id`),
  CONSTRAINT `product_change_request_type_ibfk_298` FOREIGN KEY (`workflow_id`) REFERENCES `workflow` (`id`)
) ENGINE=InnoDB AUTO_INCREMENT=35 DEFAULT CHARSET=latin1;
/*!40101 SET character_set_client = @saved_cs_client */;

--
-- Dumping data for table `product_change_request_type`
--

LOCK TABLES `product_change_request_type` WRITE;
/*!40000 ALTER TABLE `product_change_request_type` DISABLE KEYS */;
INSERT INTO `product_change_request_type` VALUES (1,1,'1,2,3,9','9,7,10',12,1,'2021-11-04 11:27:52',1,'2021-11-04 11:27:52','ACTIVE'),(2,5,'1,2,3,9','9,7,10',12,1,'2021-11-04 11:31:43',1,'2021-11-04 11:31:43','ACTIVE'),(3,8,'1,2,3,9','9,7,10',12,1,'2021-11-04 11:32:17',1,'2021-11-04 11:32:17','ACTIVE'),(4,4,'1,3,9','9,7,10',12,1,'2021-11-04 11:32:49',1,'2021-11-04 11:32:49','ACTIVE'),(5,3,'1,2,3,9','9,7,10',12,1,'2021-11-04 11:33:12',1,'2021-11-04 11:33:12','ACTIVE'),(6,6,'1,2,3,9','9,7,10',12,1,'2021-11-04 11:33:34',1,'2021-11-04 11:33:34','ACTIVE'),(7,1,'1,2,3,9','6',12,1,'2021-11-05 06:14:08',1,'2021-11-05 06:14:08','ACTIVE'),(9,5,'1,2,3,9','6',12,1,'2021-11-05 06:16:52',1,'2021-11-05 06:16:52','ACTIVE'),(10,4,'1,3,9','6',12,1,'2021-11-05 06:17:40',1,'2021-11-05 06:17:40','ACTIVE'),(11,3,'1,2,3,9','6',12,1,'2021-11-05 06:17:41',1,'2021-11-05 06:17:41','ACTIVE'),(12,6,'1,2,3,9','6',12,1,'2021-11-05 06:18:20',1,'2021-11-05 06:18:20','ACTIVE'),(13,1,'4','6,7,8,9,10',6,1,'2021-11-05 06:25:59',1,'2021-11-05 06:25:59','ACTIVE'),(14,5,'4','6,7,8,9,10',6,1,'2021-11-05 06:27:58',1,'2021-11-05 06:27:58','ACTIVE'),(15,4,'4','6,7,8,9,10',6,1,'2021-11-05 06:28:26',1,'2021-11-05 06:28:26','ACTIVE'),(16,8,'4','6,7,8,9,10',6,1,'2021-11-05 06:28:43',1,'2021-11-05 06:28:43','ACTIVE'),(17,1,'5','6,7,8,9,10',7,1,'2021-11-05 06:29:54',1,'2021-11-05 06:29:54','ACTIVE'),(18,5,'5','6,7,8,9,10',7,1,'2021-11-05 06:31:06',1,'2021-11-05 06:31:06','ACTIVE'),(19,4,'5','6,7,8,9,10',7,1,'2021-11-05 06:31:37',1,'2021-11-05 06:31:37','ACTIVE'),(20,8,'5','6,7,8,9,10',7,1,'2021-11-05 06:31:58',1,'2021-11-05 06:31:58','ACTIVE'),(21,3,'5','6,7,8,9,10',7,1,'2021-11-05 06:32:21',1,'2021-11-05 06:32:21','ACTIVE'),(22,6,'5','6,7,8,9,10',7,1,'2021-11-05 06:32:22',1,'2021-11-05 06:32:22','ACTIVE'),(23,1,'6','6,7,8,9,10',12,1,'2021-11-05 06:34:00',1,'2021-11-05 06:34:00','ACTIVE'),(24,5,'6','6,7,8,9,10',12,1,'2021-11-05 06:34:56',1,'2021-11-05 06:34:56','ACTIVE'),(25,6,'6','6,7,8,9,10',12,1,'2021-11-05 06:35:20',1,'2021-11-05 06:35:20','ACTIVE'),(26,3,'6','6,7,8,9,10',12,1,'2021-11-05 06:35:40',1,'2021-11-05 06:35:40','ACTIVE'),(27,8,'6','6,7,8,9,10',12,1,'2021-11-05 06:35:57',1,'2021-11-05 06:35:57','ACTIVE'),(28,6,'7','6,7,8,9,10',8,1,'2021-11-05 06:37:26',1,'2021-11-05 06:37:26','ACTIVE'),(29,1,'7','6,7,8,9,10',8,1,'2021-11-05 06:37:26',1,'2021-11-05 06:37:26','ACTIVE'),(30,5,'7','6,7,8,9,10',8,1,'2021-11-05 06:38:03',1,'2021-11-05 06:38:03','ACTIVE'),(31,4,'7','6,7,8,9,10',8,1,'2021-11-05 06:38:04',1,'2021-11-05 06:38:04','ACTIVE'),(32,8,'7','6,7,8,9,10',8,1,'2021-11-05 06:38:29',1,'2021-11-05 06:38:29','ACTIVE'),(33,3,'7','6,7,8,9,10',8,1,'2021-11-05 06:38:29',1,'2021-11-05 06:38:29','ACTIVE'),(34,1,'8','6,7,8,9,10',9,1,'2021-11-05 06:39:38',1,'2021-11-05 06:39:38','ACTIVE');
/*!40000 ALTER TABLE `product_change_request_type` ENABLE KEYS */;
UNLOCK TABLES;

--
-- Table structure for table `revenue_item`
--

DROP TABLE IF EXISTS `revenue_item`;
/*!40101 SET @saved_cs_client     = @@character_set_client */;
/*!40101 SET character_set_client = utf8 */;
CREATE TABLE `revenue_item` (
  `id` int(11) NOT NULL AUTO_INCREMENT,
  `name` varchar(100) NOT NULL,
  `unit` varchar(100) DEFAULT NULL,
  `unit_amount_key` varchar(100) DEFAULT NULL,
  `sub_total_key` varchar(100) NOT NULL,
  `service_type_id` int(11) NOT NULL,
  `product_id` int(11) NOT NULL,
  `invoice_type` enum('COMMERCIAL_INVOICE','BILLING_INVOICE') NOT NULL,
  `record_status` enum('ACTIVE','INACTIVE','DRAFT','DELETED') NOT NULL DEFAULT 'ACTIVE',
  `creation_time` datetime NOT NULL,
  `modified_time` datetime NOT NULL,
  PRIMARY KEY (`id`)
) ENGINE=InnoDB AUTO_INCREMENT=8 DEFAULT CHARSET=latin1;
/*!40101 SET character_set_client = @saved_cs_client */;

--
-- Dumping data for table `revenue_item`
--

LOCK TABLES `revenue_item` WRITE;
/*!40000 ALTER TABLE `revenue_item` DISABLE KEYS */;
INSERT INTO `revenue_item` VALUES (1,'MRC','Mbps','bandwidth','product_mrc',1,1,'BILLING_INVOICE','ACTIVE','2022-02-23 05:06:32','2022-02-23 05:06:32'),(2,'MRC','Mbps','bandwidth','product_mrc',1,3,'BILLING_INVOICE','ACTIVE','2022-02-23 05:06:32','2022-02-23 05:06:32'),(3,'MRC','Rackspace','rackspace','product_mrc',1,4,'BILLING_INVOICE','ACTIVE','2022-02-23 05:06:32','2022-02-23 05:06:32'),(4,'MRC','Mbps','bandwidth','product_mrc',1,5,'BILLING_INVOICE','ACTIVE','2022-02-23 05:06:32','2022-02-23 05:06:32'),(5,'MRC','Mbps','bandwidth','product_mrc',1,6,'BILLING_INVOICE','ACTIVE','2022-02-23 05:06:32','2022-02-23 05:06:32'),(6,'MRC','Mbps','bandwidth','product_mrc',1,7,'BILLING_INVOICE','ACTIVE','2022-02-23 05:06:32','2022-02-23 05:06:32'),(7,'MRC','Mbps','bandwidth','product_mrc',1,8,'BILLING_INVOICE','ACTIVE','2022-02-23 05:06:32','2022-02-23 05:06:32');
/*!40000 ALTER TABLE `revenue_item` ENABLE KEYS */;
UNLOCK TABLES;
/*!40103 SET TIME_ZONE=@OLD_TIME_ZONE */;

/*!40101 SET SQL_MODE=@OLD_SQL_MODE */;
/*!40014 SET FOREIGN_KEY_CHECKS=@OLD_FOREIGN_KEY_CHECKS */;
/*!40014 SET UNIQUE_CHECKS=@OLD_UNIQUE_CHECKS */;
/*!40101 SET CHARACTER_SET_CLIENT=@OLD_CHARACTER_SET_CLIENT */;
/*!40101 SET CHARACTER_SET_RESULTS=@OLD_CHARACTER_SET_RESULTS */;
/*!40101 SET COLLATION_CONNECTION=@OLD_COLLATION_CONNECTION */;
/*!40111 SET SQL_NOTES=@OLD_SQL_NOTES */;

-- Dump completed on 2022-03-09 17:44:41
